{"content": {"words": ["Plus", "1_000", "rhinoceros", "ete", "massacres", "chaque", "annee", "2013", "2016", "Afrique_du_Sud", "majestueux", "mammiferes", "pourtant", "proteges", "objet", "contrebande", "lucrative", "cause", "braconnage", "intensif", "Ce", "nature", "dote", "survivre", "devient", "paradoxalement", "cause", "perte", "fameuse", "corne", "rhinoceros", "ivoire", "inspirerait", "convoitises", "laquelle", "pseudomedecines", "attribuent", "pouvoir", "quasi", "magique", "resurrection", "virilites", "defuntes", "poudre", "perlimpinpin", "risible", "conduisait", "tel", "drame", "gouvernements", "pays", "concernes", "principalement", "Afrique", "tentent", "lutter", "criminalite", "organisee", "origine", "tueries", "trafics", "Pour", "aider", "justice", "laboratoire", "genetique", "veterinaire", "universite", "Pretoria_Afrique_du_Sud", "demarre", "20_0", "projet", "Rhodis", "base", "donnees", "ADN", "rhinoceros", "regroupe", "aujourd_hui", "efforts", "neuf", "pays", "africains", "Afrique_du_Sud", "Namibie_Zimbawe", "Kenya", "Malawi", "Swaziland", "Bostwana", "Ouganda", "Zambie", "Modelisee", "apres", "outil", "utilise", "FBI", "enquetes", "criminelles", "comprend", "aujourd_hui", "20_000", "animaux", "demontre", "efficacite", "tribunaux", "prouve", "etudebilan", "publiee", "revue", "Current_Biology", "recueillant", "fois", "echantillons", "carcasses", "rhinoceros", "abattu", "materiaux", "recoltes", "chez", "suspects", "cornes", "eventuelles", "traces", "sang", "experts", "ADN", "rhino", "apportent", "elements", "preuve", "permettent", "faire", "condamner", "lourdement", "auteurs", "crimes", "cornes", "prelevees", "rhinoceros", "braconnes", "vont", "tres", "rapidement", "quitter", "pays", "origine", "retrouver", "marches", "lointains", "necessite", "coordination", "internationale", "grande", "rapidite", "traitement", "analyse", "indices", "biologiques", "Jusqu", "ici", ",", "base_Rhodis", "lien", "animaux", "tues", "auteurs", "1_0", "cas", "9", "recents", ",", "examines", "etude", ",", "mene", "lourdes", "condamnations", ":", "jusqu", "29", "ans", "prison", "ressortissant", "Mozambique", "2012", "Dans", "affaires", ",", "ADN", "retrouve", "corne", "correspondait", "carcasse", "Dans", ",", "traces", "genetiques", "retrouvees", "moquette", "vetements", "permis", "confondre", "auteurs", "\"", "Nous", "constate", "croissance", "importante", "nombre", "rhinoceros", "braconnes", "dernieres", "annees", "gain", "financier", "surpassait", "risque", ",", "\"", "explique", "Dr_Stephen_O_Brien", ",", "co-auteur", "etude", "Bien", ",", "oeuvre", "longue", "haleine", "Samuel_Wasser", ",", "biologiste", "conservation", "universite", "Washington", "(", "Seattle", ",", "USA", ")", ",", "remarque", "instant", "seuls", "2", "%", "crimes", "donnent", "lieu", "poursuites", "\"", "Nous", "devons", "remonter", "arriere", "informations", "possibles", "saisies", ",", "permettrait", "prevoir", "prochains", "evenements", "vont", "produire", ",", "\"", "explique", "-", "-", "Nature", "equipe", "emmenee", "Cindy_Harper", ",", "auteur", "principale", "etude", ",", "base", "donnee", "mener", "informations", "permettant", "detruire", "syndicats", "braconniers", ",", "plupart", "bases", "Asie", "derniers", "rhinoceros", "blancs", "nord", ",", "mort", "fin", "2014", "parc", "animalier", "San_Diego", "(", "Californie", ")", "(", "Sheep81", "/", "Wikimedia_Commons", ")", "On", "estime", "debut", "XXe", "siecle", "demi-million", "rhinoceros", "Afrique", "Asie", "rhinoceros", "noir", ",", "especes", "africaines", ",", "comprenait", "1_0.000", "individus", "Aujourd_hui", ",", "rester", "4_200", ",", "sous-especes", ",", "celle", "ouest", ",", "eteinte", "2011", "Apres", "frole", "extinction", ",", "rhinoceros", "blanc", ",", "rhinoceros", "africain", ",", "passe", "17_500", "individus", "sud", "continent", "grace", "gros", "efforts", "conservation", "pu", "sauver", "sous-espece", "rhinoceros", "blanc", "nord", ",", "vit", "Afrique_centrale", ":", "reste", ",", "ages", "incapables", "reproduire", "especes", "indonesiennes", ",", "rhinoceros", "Sumatra", "Java", ",", "reduites", "populations", "respectives", "200", "50", "animaux", "Quant", "rhinoceros", "indien", ",", "rester", "2_800", "Jean", "-", "Paul_Fritz_Journaliste", "Digne_des_Experts", "vaste", "fichier", "ADN", "traquer", "tueurs", "rhinoceros"]}, "article": {"surname_author": ["Jean-Paul Fritz"], "date_publication": "2018-01-16", "name_newspaper": "NouvelObservateur", "id_article": 283}, "position_word": [{"type_entity": "", "position": 1, "word": "Plus", "title": false, "lemma": "Plus", "pos_tag": "ADV"}, {"type_entity": "", "position": 3, "word": "1_000", "title": false, "lemma": "1_000", "pos_tag": "PRON"}, {"type_entity": "", "position": 4, "word": "rhinoceros", "title": true, "lemma": "rhinoceros", "pos_tag": "NOUN"}, {"type_entity": "", "position": 6, "word": "ete", "title": false, "lemma": "ete", "pos_tag": "VERB"}, {"type_entity": "", "position": 7, "word": "massacres", "title": false, "lemma": "massacrer", "pos_tag": "NOUN"}, {"type_entity": "", "position": 8, "word": "chaque", "title": false, "lemma": "chaque", "pos_tag": "DET"}, {"type_entity": "", "position": 9, "word": "annee", "title": false, "lemma": "annee", "pos_tag": "NOUN"}, {"type_entity": "", "position": 11, "word": "2013", "title": false, "lemma": "2013", "pos_tag": "NUM"}, {"type_entity": "", "position": 13, "word": "2016", "title": false, "lemma": "2016", "pos_tag": "NUM"}, {"type_entity": "LOC", "position": 15, "word": "Afrique_du_Sud", "title": false, "lemma": "Afrique_du_Sud", "pos_tag": "NOUN"}, {"type_entity": "", "position": 18, "word": "majestueux", "title": false, "lemma": "majestueux", "pos_tag": "ADJ"}, {"type_entity": "", "position": 19, "word": "mammiferes", "title": false, "lemma": "mammiferes", "pos_tag": "ADJ"}, {"type_entity": "", "position": 20, "word": "pourtant", "title": false, "lemma": "pourtant", "pos_tag": "ADV"}, {"type_entity": "", "position": 21, "word": "proteges", "title": false, "lemma": "proteges", "pos_tag": "ADJ"}, {"type_entity": "", "position": 24, "word": "objet", "title": false, "lemma": "objet", "pos_tag": "NOUN"}, {"type_entity": "", "position": 27, "word": "contrebande", "title": false, "lemma": "contrebande", "pos_tag": "NOUN"}, {"type_entity": "", "position": 28, "word": "lucrative", "title": false, "lemma": "lucratif", "pos_tag": "ADJ"}, {"type_entity": "", "position": 31, "word": "cause", "title": false, "lemma": "causer", "pos_tag": "NOUN"}, {"type_entity": "", "position": 34, "word": "braconnage", "title": false, "lemma": "braconnage", "pos_tag": "NOUN"}, {"type_entity": "", "position": 35, "word": "intensif", "title": false, "lemma": "intensif", "pos_tag": "ADJ"}, {"type_entity": "", "position": 37, "word": "Ce", "title": false, "lemma": "Ce", "pos_tag": "PRON"}, {"type_entity": "", "position": 40, "word": "nature", "title": false, "lemma": "nature", "pos_tag": "NOUN"}, {"type_entity": "", "position": 43, "word": "dote", "title": false, "lemma": "doter", "pos_tag": "VERB"}, {"type_entity": "", "position": 45, "word": "survivre", "title": false, "lemma": "survivre", "pos_tag": "NOUN"}, {"type_entity": "", "position": 46, "word": "devient", "title": false, "lemma": "devenir", "pos_tag": "VERB"}, {"type_entity": "", "position": 47, "word": "paradoxalement", "title": false, "lemma": "paradoxalement", "pos_tag": "ADV"}, {"type_entity": "", "position": 49, "word": "cause", "title": false, "lemma": "causer", "pos_tag": "NOUN"}, {"type_entity": "", "position": 52, "word": "perte", "title": false, "lemma": "perte", "pos_tag": "NOUN"}, {"type_entity": "", "position": 54, "word": "fameuse", "title": false, "lemma": "fameux", "pos_tag": "ADJ"}, {"type_entity": "", "position": 55, "word": "corne", "title": false, "lemma": "corner", "pos_tag": "NOUN"}, {"type_entity": "", "position": 57, "word": "rhinoceros", "title": true, "lemma": "rhinoceros", "pos_tag": "NOUN"}, {"type_entity": "", "position": 60, "word": "ivoire", "title": false, "lemma": "ivoire", "pos_tag": "ADJ"}, {"type_entity": "", "position": 64, "word": "inspirerait", "title": false, "lemma": "inspirer", "pos_tag": "VERB"}, {"type_entity": "", "position": 66, "word": "convoitises", "title": false, "lemma": "convoitise", "pos_tag": "NOUN"}, {"type_entity": "", "position": 69, "word": "laquelle", "title": false, "lemma": "lequel", "pos_tag": "PRON"}, {"type_entity": "", "position": 71, "word": "pseudomedecines", "title": false, "lemma": "pseudomedecines", "pos_tag": "NOUN"}, {"type_entity": "", "position": 72, "word": "attribuent", "title": false, "lemma": "attribuer", "pos_tag": "VERB"}, {"type_entity": "", "position": 74, "word": "pouvoir", "title": false, "lemma": "pouvoir", "pos_tag": "NOUN"}, {"type_entity": "", "position": 75, "word": "quasi", "title": false, "lemma": "quasi", "pos_tag": "AUX"}, {"type_entity": "", "position": 76, "word": "magique", "title": false, "lemma": "magique", "pos_tag": "ADJ"}, {"type_entity": "", "position": 78, "word": "resurrection", "title": false, "lemma": "resurrection", "pos_tag": "NOUN"}, {"type_entity": "", "position": 80, "word": "virilites", "title": false, "lemma": "virilites", "pos_tag": "ADJ"}, {"type_entity": "", "position": 81, "word": "defuntes", "title": false, "lemma": "defuntes", "pos_tag": "ADJ"}, {"type_entity": "", "position": 84, "word": "poudre", "title": false, "lemma": "poudrer", "pos_tag": "NOUN"}, {"type_entity": "", "position": 86, "word": "perlimpinpin", "title": false, "lemma": "perlimpinpin", "pos_tag": "PRON"}, {"type_entity": "", "position": 89, "word": "risible", "title": false, "lemma": "risible", "pos_tag": "ADJ"}, {"type_entity": "", "position": 93, "word": "conduisait", "title": false, "lemma": "conduire", "pos_tag": "VERB"}, {"type_entity": "", "position": 97, "word": "tel", "title": false, "lemma": "tel", "pos_tag": "ADJ"}, {"type_entity": "", "position": 98, "word": "drame", "title": false, "lemma": "drame", "pos_tag": "NOUN"}, {"type_entity": "", "position": 101, "word": "gouvernements", "title": false, "lemma": "gouvernement", "pos_tag": "NOUN"}, {"type_entity": "", "position": 103, "word": "pays", "title": false, "lemma": "pays", "pos_tag": "NOUN"}, {"type_entity": "", "position": 104, "word": "concernes", "title": false, "lemma": "concerner", "pos_tag": "NOUN"}, {"type_entity": "", "position": 105, "word": "principalement", "title": false, "lemma": "principalement", "pos_tag": "ADV"}, {"type_entity": "LOC", "position": 107, "word": "Afrique", "title": false, "lemma": "Afrique", "pos_tag": "PROPN"}, {"type_entity": "", "position": 108, "word": "tentent", "title": false, "lemma": "tenter", "pos_tag": "VERB"}, {"type_entity": "", "position": 110, "word": "lutter", "title": false, "lemma": "lutter", "pos_tag": "VERB"}, {"type_entity": "", "position": 113, "word": "criminalite", "title": false, "lemma": "criminalite", "pos_tag": "NOUN"}, {"type_entity": "", "position": 114, "word": "organisee", "title": false, "lemma": "organisee", "pos_tag": "VERB"}, {"type_entity": "", "position": 117, "word": "origine", "title": false, "lemma": "origine", "pos_tag": "NOUN"}, {"type_entity": "", "position": 119, "word": "tueries", "title": false, "lemma": "tuerie", "pos_tag": "NOUN"}, {"type_entity": "", "position": 122, "word": "trafics", "title": false, "lemma": "trafic", "pos_tag": "NOUN"}, {"type_entity": "", "position": 124, "word": "Pour", "title": true, "lemma": "Pour", "pos_tag": "ADP"}, {"type_entity": "", "position": 125, "word": "aider", "title": false, "lemma": "aider", "pos_tag": "VERB"}, {"type_entity": "", "position": 127, "word": "justice", "title": false, "lemma": "justice", "pos_tag": "NOUN"}, {"type_entity": "", "position": 129, "word": "laboratoire", "title": false, "lemma": "laboratoire", "pos_tag": "NOUN"}, {"type_entity": "", "position": 131, "word": "genetique", "title": false, "lemma": "genetique", "pos_tag": "ADJ"}, {"type_entity": "", "position": 132, "word": "veterinaire", "title": false, "lemma": "veterinaire", "pos_tag": "ADJ"}, {"type_entity": "", "position": 135, "word": "universite", "title": false, "lemma": "universite", "pos_tag": "NOUN"}, {"type_entity": "", "position": 137, "word": "Pretoria_Afrique_du_Sud", "title": false, "lemma": "Pretoria_Afrique_du_Sud", "pos_tag": "PROPN"}, {"type_entity": "", "position": 139, "word": "demarre", "title": false, "lemma": "demarre", "pos_tag": "ADP"}, {"type_entity": "", "position": 141, "word": "20_0", "title": false, "lemma": "20_0", "pos_tag": "NUM"}, {"type_entity": "", "position": 143, "word": "projet", "title": false, "lemma": "projet", "pos_tag": "NOUN"}, {"type_entity": "MISC", "position": 144, "word": "Rhodis", "title": false, "lemma": "Rhodis", "pos_tag": "PROPN"}, {"type_entity": "", "position": 146, "word": "base", "title": false, "lemma": "baser", "pos_tag": "NOUN"}, {"type_entity": "", "position": 148, "word": "donnees", "title": false, "lemma": "donnees", "pos_tag": "NOUN"}, {"type_entity": "", "position": 150, "word": "ADN", "title": true, "lemma": "ADN", "pos_tag": "NOUN"}, {"type_entity": "", "position": 152, "word": "rhinoceros", "title": true, "lemma": "rhinoceros", "pos_tag": "NOUN"}, {"type_entity": "", "position": 154, "word": "regroupe", "title": false, "lemma": "regrouper", "pos_tag": "NOUN"}, {"type_entity": "", "position": 155, "word": "aujourd_hui", "title": false, "lemma": "aujourd_hui", "pos_tag": "VERB"}, {"type_entity": "", "position": 157, "word": "efforts", "title": false, "lemma": "effort", "pos_tag": "NOUN"}, {"type_entity": "", "position": 159, "word": "neuf", "title": false, "lemma": "neuf", "pos_tag": "ADJ"}, {"type_entity": "", "position": 160, "word": "pays", "title": false, "lemma": "pays", "pos_tag": "NOUN"}, {"type_entity": "", "position": 161, "word": "africains", "title": false, "lemma": "africain", "pos_tag": "ADJ"}, {"type_entity": "LOC", "position": 162, "word": "Afrique_du_Sud", "title": false, "lemma": "Afrique_du_Sud", "pos_tag": "NOUN"}, {"type_entity": "PER", "position": 163, "word": "Namibie_Zimbawe", "title": false, "lemma": "Namibie_Zimbawe", "pos_tag": "PROPN"}, {"type_entity": "", "position": 164, "word": "Kenya", "title": false, "lemma": "Kenya", "pos_tag": "PROPN"}, {"type_entity": "", "position": 165, "word": "Malawi", "title": false, "lemma": "Malawi", "pos_tag": "PROPN"}, {"type_entity": "", "position": 166, "word": "Swaziland", "title": false, "lemma": "Swaziland", "pos_tag": "PROPN"}, {"type_entity": "", "position": 167, "word": "Bostwana", "title": false, "lemma": "Bostwana", "pos_tag": "PROPN"}, {"type_entity": "", "position": 168, "word": "Ouganda", "title": false, "lemma": "Ouganda", "pos_tag": "PROPN"}, {"type_entity": "PER", "position": 170, "word": "Zambie", "title": false, "lemma": "Zambie", "pos_tag": "PROPN"}, {"type_entity": "LOC", "position": 172, "word": "Modelisee", "title": false, "lemma": "Modelisee", "pos_tag": "PROPN"}, {"type_entity": "", "position": 174, "word": "apres", "title": false, "lemma": "apres", "pos_tag": "VERB"}, {"type_entity": "", "position": 176, "word": "outil", "title": false, "lemma": "outil", "pos_tag": "NOUN"}, {"type_entity": "", "position": 177, "word": "utilise", "title": false, "lemma": "utiliser", "pos_tag": "VERB"}, {"type_entity": "ORG", "position": 180, "word": "FBI", "title": false, "lemma": "FBI", "pos_tag": "NOUN"}, {"type_entity": "", "position": 183, "word": "enquetes", "title": false, "lemma": "enquetes", "pos_tag": "NOUN"}, {"type_entity": "", "position": 184, "word": "criminelles", "title": false, "lemma": "criminel", "pos_tag": "ADJ"}, {"type_entity": "", "position": 186, "word": "comprend", "title": false, "lemma": "comprendre", "pos_tag": "VERB"}, {"type_entity": "", "position": 187, "word": "aujourd_hui", "title": false, "lemma": "aujourd_hui", "pos_tag": "ADJ"}, {"type_entity": "", "position": 190, "word": "20_000", "title": false, "lemma": "20_000", "pos_tag": "NUM"}, {"type_entity": "", "position": 191, "word": "animaux", "title": false, "lemma": "animal", "pos_tag": "NOUN"}, {"type_entity": "", "position": 193, "word": "demontre", "title": false, "lemma": "demontre", "pos_tag": "VERB"}, {"type_entity": "", "position": 195, "word": "efficacite", "title": false, "lemma": "efficacite", "pos_tag": "NOUN"}, {"type_entity": "", "position": 198, "word": "tribunaux", "title": false, "lemma": "tribunal", "pos_tag": "NOUN"}, {"type_entity": "", "position": 201, "word": "prouve", "title": false, "lemma": "prouver", "pos_tag": "VERB"}, {"type_entity": "", "position": 203, "word": "etudebilan", "title": false, "lemma": "etudebilan", "pos_tag": "NOUN"}, {"type_entity": "", "position": 204, "word": "publiee", "title": false, "lemma": "publiee", "pos_tag": "ADV"}, {"type_entity": "", "position": 207, "word": "revue", "title": false, "lemma": "revu", "pos_tag": "NOUN"}, {"type_entity": "ORG", "position": 208, "word": "Current_Biology", "title": false, "lemma": "Current_Biology", "pos_tag": "ADP"}, {"type_entity": "", "position": 211, "word": "recueillant", "title": false, "lemma": "recueillir", "pos_tag": "NOUN"}, {"type_entity": "", "position": 214, "word": "fois", "title": false, "lemma": "foi", "pos_tag": "NOUN"}, {"type_entity": "", "position": 216, "word": "echantillons", "title": false, "lemma": "echantillons", "pos_tag": "NOUN"}, {"type_entity": "", "position": 219, "word": "carcasses", "title": false, "lemma": "carcasse", "pos_tag": "NOUN"}, {"type_entity": "", "position": 221, "word": "rhinoceros", "title": true, "lemma": "rhinoceros", "pos_tag": "NOUN"}, {"type_entity": "", "position": 222, "word": "abattu", "title": false, "lemma": "abattre", "pos_tag": "NOUN"}, {"type_entity": "", "position": 225, "word": "materiaux", "title": false, "lemma": "materiaux", "pos_tag": "NOUN"}, {"type_entity": "", "position": 226, "word": "recoltes", "title": false, "lemma": "recoltes", "pos_tag": "ADJ"}, {"type_entity": "", "position": 227, "word": "chez", "title": false, "lemma": "chez", "pos_tag": "ADP"}, {"type_entity": "", "position": 229, "word": "suspects", "title": false, "lemma": "suspect", "pos_tag": "ADJ"}, {"type_entity": "", "position": 231, "word": "cornes", "title": false, "lemma": "corner", "pos_tag": "NOUN"}, {"type_entity": "", "position": 235, "word": "eventuelles", "title": false, "lemma": "eventuelles", "pos_tag": "ADJ"}, {"type_entity": "", "position": 236, "word": "traces", "title": false, "lemma": "tracer", "pos_tag": "NOUN"}, {"type_entity": "", "position": 238, "word": "sang", "title": false, "lemma": "sang", "pos_tag": "NOUN"}, {"type_entity": "", "position": 240, "word": "experts", "title": false, "lemma": "expert", "pos_tag": "NOUN"}, {"type_entity": "", "position": 242, "word": "ADN", "title": true, "lemma": "ADN", "pos_tag": "NOUN"}, {"type_entity": "", "position": 244, "word": "rhino", "title": false, "lemma": "rhino", "pos_tag": "VERB"}, {"type_entity": "", "position": 245, "word": "apportent", "title": false, "lemma": "apporter", "pos_tag": "VERB"}, {"type_entity": "", "position": 247, "word": "elements", "title": false, "lemma": "elements", "pos_tag": "NOUN"}, {"type_entity": "", "position": 249, "word": "preuve", "title": false, "lemma": "preuve", "pos_tag": "NOUN"}, {"type_entity": "", "position": 251, "word": "permettent", "title": false, "lemma": "permettre", "pos_tag": "VERB"}, {"type_entity": "", "position": 253, "word": "faire", "title": false, "lemma": "faire", "pos_tag": "VERB"}, {"type_entity": "", "position": 254, "word": "condamner", "title": false, "lemma": "condamner", "pos_tag": "VERB"}, {"type_entity": "", "position": 255, "word": "lourdement", "title": false, "lemma": "lourdement", "pos_tag": "ADV"}, {"type_entity": "", "position": 257, "word": "auteurs", "title": false, "lemma": "auteur", "pos_tag": "NOUN"}, {"type_entity": "", "position": 260, "word": "crimes", "title": false, "lemma": "crime", "pos_tag": "NOUN"}, {"type_entity": "", "position": 263, "word": "cornes", "title": false, "lemma": "corner", "pos_tag": "NOUN"}, {"type_entity": "", "position": 264, "word": "prelevees", "title": false, "lemma": "prelevees", "pos_tag": "VERB"}, {"type_entity": "", "position": 267, "word": "rhinoceros", "title": true, "lemma": "rhinoceros", "pos_tag": "NOUN"}, {"type_entity": "", "position": 268, "word": "braconnes", "title": false, "lemma": "braconner", "pos_tag": "ADJ"}, {"type_entity": "", "position": 269, "word": "vont", "title": false, "lemma": "aller", "pos_tag": "VERB"}, {"type_entity": "", "position": 270, "word": "tres", "title": false, "lemma": "tres", "pos_tag": "NOUN"}, {"type_entity": "", "position": 271, "word": "rapidement", "title": false, "lemma": "rapidement", "pos_tag": "ADV"}, {"type_entity": "", "position": 272, "word": "quitter", "title": false, "lemma": "quitter", "pos_tag": "VERB"}, {"type_entity": "", "position": 274, "word": "pays", "title": false, "lemma": "pays", "pos_tag": "NOUN"}, {"type_entity": "", "position": 276, "word": "origine", "title": false, "lemma": "origine", "pos_tag": "NOUN"}, {"type_entity": "", "position": 279, "word": "retrouver", "title": false, "lemma": "retrouver", "pos_tag": "VERB"}, {"type_entity": "", "position": 282, "word": "marches", "title": false, "lemma": "marcher", "pos_tag": "NOUN"}, {"type_entity": "", "position": 283, "word": "lointains", "title": false, "lemma": "lointain", "pos_tag": "VERB"}, {"type_entity": "", "position": 286, "word": "necessite", "title": false, "lemma": "necessite", "pos_tag": "VERB"}, {"type_entity": "", "position": 288, "word": "coordination", "title": false, "lemma": "coordination", "pos_tag": "NOUN"}, {"type_entity": "", "position": 289, "word": "internationale", "title": false, "lemma": "international", "pos_tag": "ADJ"}, {"type_entity": "", "position": 292, "word": "grande", "title": false, "lemma": "grand", "pos_tag": "ADJ"}, {"type_entity": "", "position": 293, "word": "rapidite", "title": false, "lemma": "rapidite", "pos_tag": "NOUN"}, {"type_entity": "", "position": 295, "word": "traitement", "title": false, "lemma": "traitement", "pos_tag": "NOUN"}, {"type_entity": "", "position": 298, "word": "analyse", "title": false, "lemma": "analyser", "pos_tag": "NOUN"}, {"type_entity": "", "position": 300, "word": "indices", "title": false, "lemma": "indice", "pos_tag": "NOUN"}, {"type_entity": "", "position": 301, "word": "biologiques", "title": false, "lemma": "biologique", "pos_tag": "ADJ"}, {"type_entity": "PER", "position": 303, "word": "Jusqu", "title": false, "lemma": "Jusqu", "pos_tag": "NOUN"}, {"type_entity": "", "position": 304, "word": "ici", "title": false, "lemma": "ici", "pos_tag": "ADV"}, {"type_entity": "", "position": 305, "word": ",", "title": false, "lemma": ",", "pos_tag": "PUNCT"}, {"type_entity": "LOC", "position": 307, "word": "base_Rhodis", "title": false, "lemma": "base_Rhodis", "pos_tag": "ADV"}, {"type_entity": "", "position": 311, "word": "lien", "title": false, "lemma": "lien", "pos_tag": "NOUN"}, {"type_entity": "", "position": 314, "word": "animaux", "title": false, "lemma": "animal", "pos_tag": "NOUN"}, {"type_entity": "", "position": 315, "word": "tues", "title": false, "lemma": "tuer", "pos_tag": "ADJ"}, {"type_entity": "", "position": 318, "word": "auteurs", "title": false, "lemma": "auteur", "pos_tag": "NOUN"}, {"type_entity": "", "position": 321, "word": "1_0", "title": false, "lemma": "1_0", "pos_tag": "NUM"}, {"type_entity": "", "position": 322, "word": "cas", "title": false, "lemma": "cas", "pos_tag": "NOUN"}, {"type_entity": "", "position": 324, "word": "9", "title": false, "lemma": "9", "pos_tag": "NUM"}, {"type_entity": "", "position": 327, "word": "recents", "title": false, "lemma": "recents", "pos_tag": "NOUN"}, {"type_entity": "", "position": 328, "word": ",", "title": false, "lemma": ",", "pos_tag": "PUNCT"}, {"type_entity": "", "position": 329, "word": "examines", "title": false, "lemma": "examiner", "pos_tag": "NOUN"}, {"type_entity": "", "position": 332, "word": "etude", "title": false, "lemma": "etude", "pos_tag": "NOUN"}, {"type_entity": "", "position": 333, "word": ",", "title": false, "lemma": ",", "pos_tag": "PUNCT"}, {"type_entity": "", "position": 335, "word": "mene", "title": false, "lemma": "mene", "pos_tag": "VERB"}, {"type_entity": "", "position": 338, "word": "lourdes", "title": false, "lemma": "lourde", "pos_tag": "ADJ"}, {"type_entity": "", "position": 339, "word": "condamnations", "title": false, "lemma": "condamnation", "pos_tag": "NOUN"}, {"type_entity": "", "position": 340, "word": ":", "title": false, "lemma": ":", "pos_tag": "PUNCT"}, {"type_entity": "", "position": 341, "word": "jusqu", "title": false, "lemma": "jusqu", "pos_tag": "NOUN"}, {"type_entity": "", "position": 343, "word": "29", "title": false, "lemma": "29", "pos_tag": "NUM"}, {"type_entity": "", "position": 344, "word": "ans", "title": false, "lemma": "an", "pos_tag": "NOUN"}, {"type_entity": "", "position": 346, "word": "prison", "title": false, "lemma": "prison", "pos_tag": "NOUN"}, {"type_entity": "", "position": 349, "word": "ressortissant", "title": false, "lemma": "ressortir", "pos_tag": "NOUN"}, {"type_entity": "LOC", "position": 351, "word": "Mozambique", "title": false, "lemma": "Mozambique", "pos_tag": "PROPN"}, {"type_entity": "", "position": 353, "word": "2012", "title": false, "lemma": "2012", "pos_tag": "NUM"}, {"type_entity": "", "position": 355, "word": "Dans", "title": false, "lemma": "Dans", "pos_tag": "ADP"}, {"type_entity": "", "position": 357, "word": "affaires", "title": false, "lemma": "affairer", "pos_tag": "NOUN"}, {"type_entity": "", "position": 358, "word": ",", "title": false, "lemma": ",", "pos_tag": "PUNCT"}, {"type_entity": "", "position": 362, "word": "ADN", "title": true, "lemma": "ADN", "pos_tag": "NOUN"}, {"type_entity": "", "position": 363, "word": "retrouve", "title": false, "lemma": "retrouver", "pos_tag": "NOUN"}, {"type_entity": "", "position": 366, "word": "corne", "title": false, "lemma": "corner", "pos_tag": "NOUN"}, {"type_entity": "", "position": 368, "word": "correspondait", "title": false, "lemma": "correspondre", "pos_tag": "VERB"}, {"type_entity": "", "position": 373, "word": "carcasse", "title": false, "lemma": "carcasse", "pos_tag": "NOUN"}, {"type_entity": "", "position": 375, "word": "Dans", "title": false, "lemma": "Dans", "pos_tag": "ADP"}, {"type_entity": "", "position": 378, "word": ",", "title": false, "lemma": ",", "pos_tag": "PUNCT"}, {"type_entity": "", "position": 382, "word": "traces", "title": false, "lemma": "tracer", "pos_tag": "NOUN"}, {"type_entity": "", "position": 383, "word": "genetiques", "title": false, "lemma": "genetiques", "pos_tag": "ADJ"}, {"type_entity": "", "position": 384, "word": "retrouvees", "title": false, "lemma": "retrouvees", "pos_tag": "VERB"}, {"type_entity": "", "position": 387, "word": "moquette", "title": false, "lemma": "moquetter", "pos_tag": "NOUN"}, {"type_entity": "", "position": 391, "word": "vetements", "title": false, "lemma": "vetements", "pos_tag": "NOUN"}, {"type_entity": "", "position": 394, "word": "permis", "title": false, "lemma": "permettre", "pos_tag": "VERB"}, {"type_entity": "", "position": 396, "word": "confondre", "title": false, "lemma": "confondre", "pos_tag": "VERB"}, {"type_entity": "", "position": 398, "word": "auteurs", "title": false, "lemma": "auteur", "pos_tag": "NOUN"}, {"type_entity": "", "position": 400, "word": "\"", "title": false, "lemma": "\"", "pos_tag": "PUNCT"}, {"type_entity": "", "position": 401, "word": "Nous", "title": false, "lemma": "Nous", "pos_tag": "PRON"}, {"type_entity": "", "position": 403, "word": "constate", "title": false, "lemma": "constater", "pos_tag": "VERB"}, {"type_entity": "", "position": 405, "word": "croissance", "title": false, "lemma": "croissance", "pos_tag": "NOUN"}, {"type_entity": "", "position": 406, "word": "importante", "title": false, "lemma": "important", "pos_tag": "ADJ"}, {"type_entity": "", "position": 408, "word": "nombre", "title": false, "lemma": "nombre", "pos_tag": "NOUN"}, {"type_entity": "", "position": 410, "word": "rhinoceros", "title": true, "lemma": "rhinoceros", "pos_tag": "ADJ"}, {"type_entity": "", "position": 411, "word": "braconnes", "title": false, "lemma": "braconner", "pos_tag": "ADJ"}, {"type_entity": "", "position": 415, "word": "dernieres", "title": false, "lemma": "dernieres", "pos_tag": "NOUN"}, {"type_entity": "", "position": 416, "word": "annees", "title": false, "lemma": "annees", "pos_tag": "ADP"}, {"type_entity": "", "position": 420, "word": "gain", "title": false, "lemma": "gain", "pos_tag": "NOUN"}, {"type_entity": "", "position": 421, "word": "financier", "title": false, "lemma": "financier", "pos_tag": "ADJ"}, {"type_entity": "", "position": 422, "word": "surpassait", "title": false, "lemma": "surpasser", "pos_tag": "VERB"}, {"type_entity": "", "position": 424, "word": "risque", "title": false, "lemma": "risquer", "pos_tag": "NOUN"}, {"type_entity": "", "position": 425, "word": ",", "title": false, "lemma": ",", "pos_tag": "PUNCT"}, {"type_entity": "", "position": 426, "word": "\"", "title": false, "lemma": "\"", "pos_tag": "PUNCT"}, {"type_entity": "", "position": 427, "word": "explique", "title": false, "lemma": "expliquer", "pos_tag": "VERB"}, {"type_entity": "MISC", "position": 429, "word": "Dr_Stephen_O_Brien", "title": false, "lemma": "Dr_Stephen_O_Brien", "pos_tag": "NOUN"}, {"type_entity": "", "position": 430, "word": ",", "title": false, "lemma": ",", "pos_tag": "PUNCT"}, {"type_entity": "", "position": 431, "word": "co-auteur", "title": false, "lemma": "co-auteur", "pos_tag": "NOUN"}, {"type_entity": "", "position": 434, "word": "etude", "title": false, "lemma": "etude", "pos_tag": "NOUN"}, {"type_entity": "", "position": 436, "word": "Bien", "title": false, "lemma": "Bien", "pos_tag": "ADV"}, {"type_entity": "", "position": 438, "word": ",", "title": false, "lemma": ",", "pos_tag": "PUNCT"}, {"type_entity": "", "position": 442, "word": "oeuvre", "title": false, "lemma": "oeuvrer", "pos_tag": "NOUN"}, {"type_entity": "", "position": 444, "word": "longue", "title": false, "lemma": "long", "pos_tag": "ADJ"}, {"type_entity": "", "position": 445, "word": "haleine", "title": false, "lemma": "haleine", "pos_tag": "NOUN"}, {"type_entity": "PER", "position": 447, "word": "Samuel_Wasser", "title": false, "lemma": "Samuel_Wasser", "pos_tag": "VERB"}, {"type_entity": "", "position": 448, "word": ",", "title": false, "lemma": ",", "pos_tag": "PUNCT"}, {"type_entity": "", "position": 449, "word": "biologiste", "title": false, "lemma": "biologiste", "pos_tag": "ADJ"}, {"type_entity": "", "position": 452, "word": "conservation", "title": false, "lemma": "conservation", "pos_tag": "NOUN"}, {"type_entity": "", "position": 455, "word": "universite", "title": false, "lemma": "universite", "pos_tag": "NOUN"}, {"type_entity": "LOC", "position": 457, "word": "Washington", "title": false, "lemma": "Washington", "pos_tag": "PROPN"}, {"type_entity": "", "position": 458, "word": "(", "title": false, "lemma": "(", "pos_tag": "PUNCT"}, {"type_entity": "LOC", "position": 459, "word": "Seattle", "title": false, "lemma": "Seattle", "pos_tag": "PROPN"}, {"type_entity": "", "position": 460, "word": ",", "title": false, "lemma": ",", "pos_tag": "PUNCT"}, {"type_entity": "LOC", "position": 461, "word": "USA", "title": false, "lemma": "USA", "pos_tag": "PROPN"}, {"type_entity": "", "position": 462, "word": ")", "title": false, "lemma": ")", "pos_tag": "PUNCT"}, {"type_entity": "", "position": 463, "word": ",", "title": false, "lemma": ",", "pos_tag": "PUNCT"}, {"type_entity": "", "position": 464, "word": "remarque", "title": false, "lemma": "remarquer", "pos_tag": "ADJ"}, {"type_entity": "", "position": 468, "word": "instant", "title": false, "lemma": "instant", "pos_tag": "NOUN"}, {"type_entity": "", "position": 469, "word": "seuls", "title": false, "lemma": "seul", "pos_tag": "ADJ"}, {"type_entity": "", "position": 470, "word": "2", "title": false, "lemma": "2", "pos_tag": "NUM"}, {"type_entity": "", "position": 471, "word": "%", "title": false, "lemma": "%", "pos_tag": "NOUN"}, {"type_entity": "", "position": 474, "word": "crimes", "title": false, "lemma": "crime", "pos_tag": "NOUN"}, {"type_entity": "", "position": 475, "word": "donnent", "title": false, "lemma": "donner", "pos_tag": "VERB"}, {"type_entity": "", "position": 476, "word": "lieu", "title": false, "lemma": "lieu", "pos_tag": "NOUN"}, {"type_entity": "", "position": 479, "word": "poursuites", "title": false, "lemma": "poursuite", "pos_tag": "NOUN"}, {"type_entity": "", "position": 481, "word": "\"", "title": false, "lemma": "\"", "pos_tag": "PUNCT"}, {"type_entity": "", "position": 482, "word": "Nous", "title": false, "lemma": "Nous", "pos_tag": "PRON"}, {"type_entity": "", "position": 483, "word": "devons", "title": false, "lemma": "devon", "pos_tag": "AUX"}, {"type_entity": "", "position": 484, "word": "remonter", "title": false, "lemma": "remonter", "pos_tag": "VERB"}, {"type_entity": "", "position": 486, "word": "arriere", "title": false, "lemma": "arriere", "pos_tag": "NOUN"}, {"type_entity": "", "position": 492, "word": "informations", "title": false, "lemma": "information", "pos_tag": "NOUN"}, {"type_entity": "", "position": 493, "word": "possibles", "title": false, "lemma": "possible", "pos_tag": "ADJ"}, {"type_entity": "", "position": 496, "word": "saisies", "title": false, "lemma": "saisir", "pos_tag": "NOUN"}, {"type_entity": "", "position": 497, "word": ",", "title": false, "lemma": ",", "pos_tag": "PUNCT"}, {"type_entity": "", "position": 501, "word": "permettrait", "title": false, "lemma": "permettre", "pos_tag": "VERB"}, {"type_entity": "", "position": 503, "word": "prevoir", "title": false, "lemma": "prevoir", "pos_tag": "VERB"}, {"type_entity": "", "position": 506, "word": "prochains", "title": false, "lemma": "prochain", "pos_tag": "ADJ"}, {"type_entity": "", "position": 507, "word": "evenements", "title": false, "lemma": "evenements", "pos_tag": "NOUN"}, {"type_entity": "", "position": 508, "word": "vont", "title": false, "lemma": "aller", "pos_tag": "VERB"}, {"type_entity": "", "position": 510, "word": "produire", "title": false, "lemma": "produire", "pos_tag": "VERB"}, {"type_entity": "", "position": 511, "word": ",", "title": false, "lemma": ",", "pos_tag": "PUNCT"}, {"type_entity": "", "position": 512, "word": "\"", "title": false, "lemma": "\"", "pos_tag": "PUNCT"}, {"type_entity": "", "position": 513, "word": "explique", "title": false, "lemma": "expliquer", "pos_tag": "VERB"}, {"type_entity": "", "position": 514, "word": "-", "title": false, "lemma": "-", "pos_tag": "PUNCT"}, {"type_entity": "", "position": 516, "word": "-", "title": false, "lemma": "-", "pos_tag": "PUNCT"}, {"type_entity": "MISC", "position": 519, "word": "Nature", "title": false, "lemma": "Nature", "pos_tag": "PROPN"}, {"type_entity": "", "position": 524, "word": "equipe", "title": false, "lemma": "equipe", "pos_tag": "NOUN"}, {"type_entity": "", "position": 525, "word": "emmenee", "title": false, "lemma": "emmenee", "pos_tag": "VERB"}, {"type_entity": "ORG", "position": 527, "word": "Cindy_Harper", "title": false, "lemma": "Cindy_Harper", "pos_tag": "VERB"}, {"type_entity": "", "position": 528, "word": ",", "title": false, "lemma": ",", "pos_tag": "PUNCT"}, {"type_entity": "", "position": 529, "word": "auteur", "title": false, "lemma": "auteur", "pos_tag": "NOUN"}, {"type_entity": "", "position": 530, "word": "principale", "title": false, "lemma": "principal", "pos_tag": "ADJ"}, {"type_entity": "", "position": 533, "word": "etude", "title": false, "lemma": "etude", "pos_tag": "NOUN"}, {"type_entity": "", "position": 534, "word": ",", "title": false, "lemma": ",", "pos_tag": "PUNCT"}, {"type_entity": "", "position": 536, "word": "base", "title": false, "lemma": "baser", "pos_tag": "NOUN"}, {"type_entity": "", "position": 538, "word": "donnee", "title": false, "lemma": "donnee", "pos_tag": "NOUN"}, {"type_entity": "", "position": 540, "word": "mener", "title": false, "lemma": "mener", "pos_tag": "VERB"}, {"type_entity": "", "position": 543, "word": "informations", "title": false, "lemma": "information", "pos_tag": "NOUN"}, {"type_entity": "", "position": 544, "word": "permettant", "title": false, "lemma": "permettre", "pos_tag": "VERB"}, {"type_entity": "", "position": 546, "word": "detruire", "title": false, "lemma": "detruire", "pos_tag": "VERB"}, {"type_entity": "", "position": 548, "word": "syndicats", "title": false, "lemma": "syndicat", "pos_tag": "NOUN"}, {"type_entity": "", "position": 550, "word": "braconniers", "title": false, "lemma": "braconnier", "pos_tag": "NOUN"}, {"type_entity": "", "position": 551, "word": ",", "title": false, "lemma": ",", "pos_tag": "PUNCT"}, {"type_entity": "", "position": 554, "word": "plupart", "title": false, "lemma": "plupart", "pos_tag": "NOUN"}, {"type_entity": "", "position": 555, "word": "bases", "title": false, "lemma": "baser", "pos_tag": "ADJ"}, {"type_entity": "LOC", "position": 557, "word": "Asie", "title": false, "lemma": "Asie", "pos_tag": "PROPN"}, {"type_entity": "", "position": 562, "word": "derniers", "title": false, "lemma": "dernier", "pos_tag": "ADJ"}, {"type_entity": "", "position": 563, "word": "rhinoceros", "title": true, "lemma": "rhinoceros", "pos_tag": "ADJ"}, {"type_entity": "", "position": 564, "word": "blancs", "title": false, "lemma": "blanc", "pos_tag": "NOUN"}, {"type_entity": "", "position": 566, "word": "nord", "title": false, "lemma": "nord", "pos_tag": "NOUN"}, {"type_entity": "", "position": 567, "word": ",", "title": false, "lemma": ",", "pos_tag": "PUNCT"}, {"type_entity": "", "position": 568, "word": "mort", "title": false, "lemma": "mourir", "pos_tag": "NOUN"}, {"type_entity": "", "position": 569, "word": "fin", "title": false, "lemma": "fin", "pos_tag": "NOUN"}, {"type_entity": "", "position": 570, "word": "2014", "title": false, "lemma": "2014", "pos_tag": "NUM"}, {"type_entity": "", "position": 572, "word": "parc", "title": false, "lemma": "parc", "pos_tag": "NOUN"}, {"type_entity": "", "position": 573, "word": "animalier", "title": false, "lemma": "animalier", "pos_tag": "ADJ"}, {"type_entity": "LOC", "position": 575, "word": "San_Diego", "title": false, "lemma": "San_Diego", "pos_tag": "PROPN"}, {"type_entity": "", "position": 576, "word": "(", "title": false, "lemma": "(", "pos_tag": "PUNCT"}, {"type_entity": "LOC", "position": 577, "word": "Californie", "title": false, "lemma": "Californie", "pos_tag": "PROPN"}, {"type_entity": "", "position": 578, "word": ")", "title": false, "lemma": ")", "pos_tag": "PUNCT"}, {"type_entity": "", "position": 579, "word": "(", "title": false, "lemma": "(", "pos_tag": "PUNCT"}, {"type_entity": "LOC", "position": 580, "word": "Sheep81", "title": false, "lemma": "Sheep81", "pos_tag": "NOUN"}, {"type_entity": "", "position": 581, "word": "/", "title": false, "lemma": "/", "pos_tag": "PUNCT"}, {"type_entity": "MISC", "position": 582, "word": "Wikimedia_Commons", "title": false, "lemma": "Wikimedia_Commons", "pos_tag": "NOUN"}, {"type_entity": "", "position": 583, "word": ")", "title": false, "lemma": ")", "pos_tag": "PUNCT"}, {"type_entity": "", "position": 584, "word": "On", "title": false, "lemma": "On", "pos_tag": "PRON"}, {"type_entity": "", "position": 585, "word": "estime", "title": false, "lemma": "estimer", "pos_tag": "VERB"}, {"type_entity": "", "position": 588, "word": "debut", "title": false, "lemma": "debut", "pos_tag": "VERB"}, {"type_entity": "MISC", "position": 590, "word": "XXe", "title": false, "lemma": "XXe", "pos_tag": "ADJ"}, {"type_entity": "", "position": 591, "word": "siecle", "title": false, "lemma": "siecle", "pos_tag": "NOUN"}, {"type_entity": "", "position": 596, "word": "demi-million", "title": false, "lemma": "demi-million", "pos_tag": "NOUN"}, {"type_entity": "", "position": 598, "word": "rhinoceros", "title": true, "lemma": "rhinoceros", "pos_tag": "NOUN"}, {"type_entity": "LOC", "position": 601, "word": "Afrique", "title": false, "lemma": "Afrique", "pos_tag": "PROPN"}, {"type_entity": "LOC", "position": 604, "word": "Asie", "title": false, "lemma": "Asie", "pos_tag": "PROPN"}, {"type_entity": "", "position": 607, "word": "rhinoceros", "title": true, "lemma": "rhinoceros", "pos_tag": "NOUN"}, {"type_entity": "", "position": 608, "word": "noir", "title": false, "lemma": "noir", "pos_tag": "NOUN"}, {"type_entity": "", "position": 609, "word": ",", "title": false, "lemma": ",", "pos_tag": "PUNCT"}, {"type_entity": "", "position": 614, "word": "especes", "title": false, "lemma": "especes", "pos_tag": "NOUN"}, {"type_entity": "", "position": 615, "word": "africaines", "title": false, "lemma": "africain", "pos_tag": "ADJ"}, {"type_entity": "", "position": 616, "word": ",", "title": false, "lemma": ",", "pos_tag": "PUNCT"}, {"type_entity": "", "position": 617, "word": "comprenait", "title": false, "lemma": "comprendre", "pos_tag": "VERB"}, {"type_entity": "", "position": 623, "word": "1_0.000", "title": false, "lemma": "1_0.000", "pos_tag": "NUM"}, {"type_entity": "", "position": 624, "word": "individus", "title": false, "lemma": "individu", "pos_tag": "NOUN"}, {"type_entity": "", "position": 626, "word": "Aujourd_hui", "title": false, "lemma": "Aujourd_hui", "pos_tag": "NOUN"}, {"type_entity": "", "position": 627, "word": ",", "title": false, "lemma": ",", "pos_tag": "PUNCT"}, {"type_entity": "", "position": 631, "word": "rester", "title": false, "lemma": "rester", "pos_tag": "VERB"}, {"type_entity": "", "position": 634, "word": "4_200", "title": false, "lemma": "4_200", "pos_tag": "NOUN"}, {"type_entity": "", "position": 635, "word": ",", "title": false, "lemma": ",", "pos_tag": "PUNCT"}, {"type_entity": "", "position": 641, "word": "sous-especes", "title": false, "lemma": "sous-especes", "pos_tag": "NOUN"}, {"type_entity": "", "position": 642, "word": ",", "title": false, "lemma": ",", "pos_tag": "PUNCT"}, {"type_entity": "", "position": 643, "word": "celle", "title": false, "lemma": "celui", "pos_tag": "PRON"}, {"type_entity": "", "position": 646, "word": "ouest", "title": false, "lemma": "ouest", "pos_tag": "NOUN"}, {"type_entity": "", "position": 647, "word": ",", "title": false, "lemma": ",", "pos_tag": "PUNCT"}, {"type_entity": "", "position": 649, "word": "eteinte", "title": false, "lemma": "eteinte", "pos_tag": "ADJ"}, {"type_entity": "", "position": 651, "word": "2011", "title": false, "lemma": "2011", "pos_tag": "NUM"}, {"type_entity": "", "position": 653, "word": "Apres", "title": false, "lemma": "Apres", "pos_tag": "VERB"}, {"type_entity": "", "position": 655, "word": "frole", "title": false, "lemma": "frole", "pos_tag": "VERB"}, {"type_entity": "", "position": 657, "word": "extinction", "title": false, "lemma": "extinction", "pos_tag": "NOUN"}, {"type_entity": "", "position": 658, "word": ",", "title": false, "lemma": ",", "pos_tag": "PUNCT"}, {"type_entity": "", "position": 660, "word": "rhinoceros", "title": true, "lemma": "rhinoceros", "pos_tag": "NOUN"}, {"type_entity": "", "position": 661, "word": "blanc", "title": false, "lemma": "blanc", "pos_tag": "ADJ"}, {"type_entity": "", "position": 662, "word": ",", "title": false, "lemma": ",", "pos_tag": "PUNCT"}, {"type_entity": "", "position": 665, "word": "rhinoceros", "title": true, "lemma": "rhinoceros", "pos_tag": "NOUN"}, {"type_entity": "", "position": 666, "word": "africain", "title": false, "lemma": "africain", "pos_tag": "ADJ"}, {"type_entity": "", "position": 667, "word": ",", "title": false, "lemma": ",", "pos_tag": "PUNCT"}, {"type_entity": "", "position": 669, "word": "passe", "title": false, "lemma": "passer", "pos_tag": "ADJ"}, {"type_entity": "", "position": 671, "word": "17_500", "title": false, "lemma": "17_500", "pos_tag": "NUM"}, {"type_entity": "", "position": 672, "word": "individus", "title": false, "lemma": "individu", "pos_tag": "NOUN"}, {"type_entity": "", "position": 675, "word": "sud", "title": false, "lemma": "sud", "pos_tag": "AUX"}, {"type_entity": "", "position": 677, "word": "continent", "title": false, "lemma": "continent", "pos_tag": "NOUN"}, {"type_entity": "", "position": 678, "word": "grace", "title": false, "lemma": "grace", "pos_tag": "NOUN"}, {"type_entity": "", "position": 681, "word": "gros", "title": false, "lemma": "gros", "pos_tag": "ADJ"}, {"type_entity": "", "position": 682, "word": "efforts", "title": false, "lemma": "effort", "pos_tag": "NOUN"}, {"type_entity": "", "position": 684, "word": "conservation", "title": false, "lemma": "conservation", "pos_tag": "NOUN"}, {"type_entity": "", "position": 691, "word": "pu", "title": false, "lemma": "pouvoir", "pos_tag": "AUX"}, {"type_entity": "", "position": 692, "word": "sauver", "title": false, "lemma": "sauver", "pos_tag": "VERB"}, {"type_entity": "", "position": 694, "word": "sous-espece", "title": false, "lemma": "sous-espece", "pos_tag": "NOUN"}, {"type_entity": "", "position": 696, "word": "rhinoceros", "title": true, "lemma": "rhinoceros", "pos_tag": "NOUN"}, {"type_entity": "", "position": 697, "word": "blanc", "title": false, "lemma": "blanc", "pos_tag": "ADJ"}, {"type_entity": "", "position": 699, "word": "nord", "title": false, "lemma": "nord", "pos_tag": "NOUN"}, {"type_entity": "", "position": 700, "word": ",", "title": false, "lemma": ",", "pos_tag": "PUNCT"}, {"type_entity": "", "position": 702, "word": "vit", "title": false, "lemma": "voir", "pos_tag": "VERB"}, {"type_entity": "LOC", "position": 704, "word": "Afrique_centrale", "title": false, "lemma": "Afrique_centrale", "pos_tag": "NOUN"}, {"type_entity": "", "position": 705, "word": ":", "title": false, "lemma": ":", "pos_tag": "PUNCT"}, {"type_entity": "", "position": 709, "word": "reste", "title": false, "lemma": "rester", "pos_tag": "VERB"}, {"type_entity": "", "position": 713, "word": ",", "title": false, "lemma": ",", "pos_tag": "PUNCT"}, {"type_entity": "", "position": 714, "word": "ages", "title": false, "lemma": "age", "pos_tag": "NOUN"}, {"type_entity": "", "position": 716, "word": "incapables", "title": false, "lemma": "incapable", "pos_tag": "ADJ"}, {"type_entity": "", "position": 719, "word": "reproduire", "title": false, "lemma": "reproduire", "pos_tag": "VERB"}, {"type_entity": "", "position": 723, "word": "especes", "title": false, "lemma": "especes", "pos_tag": "NOUN"}, {"type_entity": "", "position": 724, "word": "indonesiennes", "title": false, "lemma": "indonesiennes", "pos_tag": "ADJ"}, {"type_entity": "", "position": 725, "word": ",", "title": false, "lemma": ",", "pos_tag": "PUNCT"}, {"type_entity": "", "position": 727, "word": "rhinoceros", "title": true, "lemma": "rhinoceros", "pos_tag": "NOUN"}, {"type_entity": "LOC", "position": 729, "word": "Sumatra", "title": false, "lemma": "Sumatra", "pos_tag": "PROPN"}, {"type_entity": "LOC", "position": 732, "word": "Java", "title": false, "lemma": "Java", "pos_tag": "PROPN"}, {"type_entity": "", "position": 733, "word": ",", "title": false, "lemma": ",", "pos_tag": "PUNCT"}, {"type_entity": "", "position": 735, "word": "reduites", "title": false, "lemma": "reduites", "pos_tag": "ADJ"}, {"type_entity": "", "position": 738, "word": "populations", "title": false, "lemma": "population", "pos_tag": "NOUN"}, {"type_entity": "", "position": 739, "word": "respectives", "title": false, "lemma": "respectif", "pos_tag": "ADJ"}, {"type_entity": "", "position": 742, "word": "200", "title": false, "lemma": "200", "pos_tag": "NUM"}, {"type_entity": "", "position": 744, "word": "50", "title": false, "lemma": "50", "pos_tag": "NUM"}, {"type_entity": "", "position": 745, "word": "animaux", "title": false, "lemma": "animal", "pos_tag": "NOUN"}, {"type_entity": "", "position": 747, "word": "Quant", "title": false, "lemma": "Quant", "pos_tag": "ADV"}, {"type_entity": "", "position": 749, "word": "rhinoceros", "title": true, "lemma": "rhinoceros", "pos_tag": "ADP"}, {"type_entity": "", "position": 750, "word": "indien", "title": false, "lemma": "indien", "pos_tag": "ADV"}, {"type_entity": "", "position": 751, "word": ",", "title": false, "lemma": ",", "pos_tag": "PUNCT"}, {"type_entity": "", "position": 755, "word": "rester", "title": false, "lemma": "rester", "pos_tag": "VERB"}, {"type_entity": "", "position": 758, "word": "2_800", "title": false, "lemma": "2_800", "pos_tag": "PRON"}, {"type_entity": "PER", "position": 760, "word": "Jean", "title": false, "lemma": "Jean", "pos_tag": "PROPN"}, {"type_entity": "", "position": 761, "word": "-", "title": false, "lemma": "-", "pos_tag": "PUNCT"}, {"type_entity": "PER", "position": 762, "word": "Paul_Fritz_Journaliste", "title": false, "lemma": "Paul_Fritz_Journaliste", "pos_tag": "NOUN"}, {"type_entity": "MISC", "position": 1, "word": "Digne_des_Experts", "title": false, "lemma": "Digne_des_Experts", "pos_tag": "ADP"}, {"type_entity": "", "position": 3, "word": "vaste", "title": true, "lemma": "vaste", "pos_tag": "ADJ"}, {"type_entity": "", "position": 4, "word": "fichier", "title": true, "lemma": "fichier", "pos_tag": "NOUN"}, {"type_entity": "", "position": 5, "word": "ADN", "title": true, "lemma": "ADN", "pos_tag": "NOUN"}, {"type_entity": "", "position": 7, "word": "traquer", "title": true, "lemma": "traquer", "pos_tag": "VERB"}, {"type_entity": "", "position": 9, "word": "tueurs", "title": true, "lemma": "tueur", "pos_tag": "NOUN"}, {"type_entity": "", "position": 11, "word": "rhinoceros", "title": true, "lemma": "rhinoceros", "pos_tag": "NOUN"}]}