{"content": {"words": ["Hier", "Bangladesh", "Birmanie", "annonce", "rapatriement", "sous", "condition", "refugies", "ici", "ans", "Une", "partie", "refugies", "concernee", "Birmanie", "jamais", "voulu", "Nations_unies", "Pas", "decembre", "lorsqu", "refusa", "acces", "pays", "rapporteuse", "speciale", "Yanghee_Lee", "pourparlers", "Bangladesh", "vue", "rapatriement", "Rohingyas", "Ainsi", "sous", "couvert", "annonces", "liees", "retour", "refugies", "autorites", "birmanes", "assurent", "garder", "Birmanie", "Retour", "garantie", "Rohingyas"]}, "article": {"surname_author": [], "date_publication": "2018-01-17", "name_newspaper": "Humanite", "id_article": 292}, "position_word": [{"type_entity": "", "position": 1, "word": "Hier", "title": false, "lemma": "Hier", "pos_tag": "ADV"}, {"type_entity": "LOC", "position": 3, "word": "Bangladesh", "title": false, "lemma": "Bangladesh", "pos_tag": "PROPN"}, {"type_entity": "LOC", "position": 6, "word": "Birmanie", "title": false, "lemma": "Birmanie", "pos_tag": "PROPN"}, {"type_entity": "", "position": 8, "word": "annonce", "title": false, "lemma": "annoncer", "pos_tag": "VERB"}, {"type_entity": "", "position": 10, "word": "rapatriement", "title": false, "lemma": "rapatriement", "pos_tag": "NOUN"}, {"type_entity": "", "position": 11, "word": "sous", "title": false, "lemma": "sou", "pos_tag": "ADP"}, {"type_entity": "", "position": 12, "word": "condition", "title": false, "lemma": "condition", "pos_tag": "NOUN"}, {"type_entity": "", "position": 14, "word": "refugies", "title": false, "lemma": "refugies", "pos_tag": "NOUN"}, {"type_entity": "", "position": 16, "word": "ici", "title": false, "lemma": "ici", "pos_tag": "ADV"}, {"type_entity": "", "position": 18, "word": "ans", "title": false, "lemma": "an", "pos_tag": "NOUN"}, {"type_entity": "", "position": 20, "word": "Une", "title": false, "lemma": "Une", "pos_tag": "DET"}, {"type_entity": "", "position": 21, "word": "partie", "title": false, "lemma": "partir", "pos_tag": "NOUN"}, {"type_entity": "", "position": 23, "word": "refugies", "title": false, "lemma": "refugies", "pos_tag": "NOUN"}, {"type_entity": "", "position": 27, "word": "concernee", "title": false, "lemma": "concernee", "pos_tag": "VERB"}, {"type_entity": "LOC", "position": 30, "word": "Birmanie", "title": false, "lemma": "Birmanie", "pos_tag": "PROPN"}, {"type_entity": "", "position": 33, "word": "jamais", "title": false, "lemma": "jamais", "pos_tag": "ADV"}, {"type_entity": "", "position": 34, "word": "voulu", "title": false, "lemma": "vouloir", "pos_tag": "VERB"}, {"type_entity": "ORG", "position": 36, "word": "Nations_unies", "title": false, "lemma": "Nations_unies", "pos_tag": "NOUN"}, {"type_entity": "", "position": 38, "word": "Pas", "title": false, "lemma": "Pas", "pos_tag": "ADV"}, {"type_entity": "", "position": 41, "word": "decembre", "title": false, "lemma": "decembre", "pos_tag": "NOUN"}, {"type_entity": "", "position": 42, "word": "lorsqu", "title": false, "lemma": "lorsqu", "pos_tag": "VERB"}, {"type_entity": "", "position": 44, "word": "refusa", "title": false, "lemma": "refuser", "pos_tag": "VERB"}, {"type_entity": "", "position": 46, "word": "acces", "title": false, "lemma": "acces", "pos_tag": "NOUN"}, {"type_entity": "", "position": 48, "word": "pays", "title": false, "lemma": "pays", "pos_tag": "NOUN"}, {"type_entity": "", "position": 51, "word": "rapporteuse", "title": false, "lemma": "rapporteur", "pos_tag": "NOUN"}, {"type_entity": "", "position": 52, "word": "speciale", "title": false, "lemma": "speciale", "pos_tag": "ADJ"}, {"type_entity": "PER", "position": 53, "word": "Yanghee_Lee", "title": false, "lemma": "Yanghee_Lee", "pos_tag": "DET"}, {"type_entity": "", "position": 57, "word": "pourparlers", "title": false, "lemma": "pourparler", "pos_tag": "NOUN"}, {"type_entity": "LOC", "position": 60, "word": "Bangladesh", "title": false, "lemma": "Bangladesh", "pos_tag": "PROPN"}, {"type_entity": "", "position": 62, "word": "vue", "title": false, "lemma": "vu", "pos_tag": "NOUN"}, {"type_entity": "", "position": 64, "word": "rapatriement", "title": false, "lemma": "rapatriement", "pos_tag": "NOUN"}, {"type_entity": "LOC", "position": 66, "word": "Rohingyas", "title": true, "lemma": "Rohingyas", "pos_tag": "NOUN"}, {"type_entity": "", "position": 68, "word": "Ainsi", "title": false, "lemma": "Ainsi", "pos_tag": "ADV"}, {"type_entity": "", "position": 69, "word": "sous", "title": false, "lemma": "sou", "pos_tag": "ADP"}, {"type_entity": "", "position": 70, "word": "couvert", "title": false, "lemma": "couvrir", "pos_tag": "NOUN"}, {"type_entity": "", "position": 72, "word": "annonces", "title": false, "lemma": "annoncer", "pos_tag": "NOUN"}, {"type_entity": "", "position": 73, "word": "liees", "title": false, "lemma": "liees", "pos_tag": "ADV"}, {"type_entity": "", "position": 75, "word": "retour", "title": true, "lemma": "retour", "pos_tag": "NOUN"}, {"type_entity": "", "position": 77, "word": "refugies", "title": false, "lemma": "refugies", "pos_tag": "NOUN"}, {"type_entity": "", "position": 79, "word": "autorites", "title": false, "lemma": "autorites", "pos_tag": "ADJ"}, {"type_entity": "", "position": 80, "word": "birmanes", "title": false, "lemma": "birman", "pos_tag": "ADJ"}, {"type_entity": "", "position": 82, "word": "assurent", "title": false, "lemma": "assurer", "pos_tag": "ADV"}, {"type_entity": "", "position": 84, "word": "garder", "title": false, "lemma": "garder", "pos_tag": "VERB"}, {"type_entity": "LOC", "position": 1, "word": "Birmanie", "title": false, "lemma": "Birmanie", "pos_tag": "PROPN"}, {"type_entity": "", "position": 3, "word": "Retour", "title": true, "lemma": "Retour", "pos_tag": "NOUN"}, {"type_entity": "", "position": 5, "word": "garantie", "title": true, "lemma": "garantir", "pos_tag": "NOUN"}, {"type_entity": "LOC", "position": 7, "word": "Rohingyas", "title": true, "lemma": "Rohingyas", "pos_tag": "NOUN"}]}