{"content": {"words": ["Edouard_Philippe", "Nicolas_Hulot", "ALAIN", "JOCARD_AFPLe", "suspense", "touchetil", "fin", "gouvernement", "annoncer", "mercredi", "oui", "construction", "aeroport", "NotreDamedesLandes", "fera", "affirment", "sources", "concordantes", "Edouard_Philippe", "boucle", "mardi", "ultime", "phase", "consultation", "elus", "personnes", "impliquees", "projet", "entretiendra", "president", "Republique", "8h30", "annonce", "intervenir", "apres", "conseil", "ministres", "fixe", "10h", "croit", "savoir", "OuestFrance", "Elysee", "prevenu", "parlementaires", "fumee", "blanche", "semaine", "peutetre", "fin", "semaine", "rapporte", "Si", "executif", "laisse", "filtrer", "consultation", "menee", "derniers", "jours", "decision", "va", "reamenagement", "NantesAtlantique", "evacuation", "Zad", "assure", "parlementaire", "projet", "aeroport", "NotreDamedesLandes", "abandonne", "Un", "scenario", "juge", "impensable", "dernieres", "annees", ",", "devenu", "credible", "election", "Emmanuel_Macron", ",", "renforce", "rapport", "mediateurs", "remis", "mi-decembre", ">", ">", "lire", ":", "Notre-Dame-des-Landes", ":", "Un", "projet", "traine", "50", "ansLe", "gouvernement", "devrait", "egalement", "annoncer", "mercredi", "envisage", "ZAD", "Un", "demantelement", "rapide", "occupations", "illicites", "envisage", "Mots", "-", "cles", ":", "NotreDamedesLandes", "decision", "tant", "attendue", "annoncee", "mercredi", "midi"]}, "article": {"surname_author": ["F.B."], "date_publication": "2018-01-16", "name_newspaper": "20 Minutes", "id_article": 298}, "position_word": [{"type_entity": "PER", "position": 1, "word": "Edouard_Philippe", "title": false, "lemma": "Edouard_Philippe", "pos_tag": "NOUN"}, {"type_entity": "PER", "position": 3, "word": "Nicolas_Hulot", "title": false, "lemma": "Nicolas_Hulot", "pos_tag": "VERB"}, {"type_entity": "", "position": 4, "word": "ALAIN", "title": false, "lemma": "ALAIN", "pos_tag": "PROPN"}, {"type_entity": "PER", "position": 5, "word": "JOCARD_AFPLe", "title": false, "lemma": "JOCARD_AFPLe", "pos_tag": "NOUN"}, {"type_entity": "", "position": 6, "word": "suspense", "title": false, "lemma": "suspense", "pos_tag": "ADJ"}, {"type_entity": "", "position": 7, "word": "touchetil", "title": false, "lemma": "touchetil", "pos_tag": "ADJ"}, {"type_entity": "", "position": 10, "word": "fin", "title": false, "lemma": "fin", "pos_tag": "NOUN"}, {"type_entity": "", "position": 13, "word": "gouvernement", "title": false, "lemma": "gouvernement", "pos_tag": "NOUN"}, {"type_entity": "", "position": 15, "word": "annoncer", "title": false, "lemma": "annoncer", "pos_tag": "VERB"}, {"type_entity": "", "position": 16, "word": "mercredi", "title": true, "lemma": "mercredi", "pos_tag": "NOUN"}, {"type_entity": "", "position": 18, "word": "oui", "title": false, "lemma": "oui", "pos_tag": "NOUN"}, {"type_entity": "", "position": 22, "word": "construction", "title": false, "lemma": "construction", "pos_tag": "NOUN"}, {"type_entity": "", "position": 25, "word": "aeroport", "title": false, "lemma": "aeroport", "pos_tag": "NOUN"}, {"type_entity": "", "position": 27, "word": "NotreDamedesLandes", "title": false, "lemma": "NotreDamedesLandes", "pos_tag": "NOUN"}, {"type_entity": "", "position": 29, "word": "fera", "title": false, "lemma": "faire", "pos_tag": "VERB"}, {"type_entity": "", "position": 30, "word": "affirment", "title": false, "lemma": "affirmer", "pos_tag": "ADV"}, {"type_entity": "", "position": 32, "word": "sources", "title": false, "lemma": "source", "pos_tag": "NOUN"}, {"type_entity": "", "position": 33, "word": "concordantes", "title": false, "lemma": "concordant", "pos_tag": "ADJ"}, {"type_entity": "PER", "position": 35, "word": "Edouard_Philippe", "title": false, "lemma": "Edouard_Philippe", "pos_tag": "NOUN"}, {"type_entity": "", "position": 38, "word": "boucle", "title": false, "lemma": "boucler", "pos_tag": "VERB"}, {"type_entity": "", "position": 40, "word": "mardi", "title": false, "lemma": "mardi", "pos_tag": "NOUN"}, {"type_entity": "", "position": 42, "word": "ultime", "title": false, "lemma": "ultime", "pos_tag": "ADJ"}, {"type_entity": "", "position": 43, "word": "phase", "title": false, "lemma": "phase", "pos_tag": "NOUN"}, {"type_entity": "", "position": 45, "word": "consultation", "title": false, "lemma": "consultation", "pos_tag": "NOUN"}, {"type_entity": "", "position": 47, "word": "elus", "title": false, "lemma": "elus", "pos_tag": "NOUN"}, {"type_entity": "", "position": 49, "word": "personnes", "title": false, "lemma": "personne", "pos_tag": "NOUN"}, {"type_entity": "", "position": 50, "word": "impliquees", "title": false, "lemma": "impliquees", "pos_tag": "ADJ"}, {"type_entity": "", "position": 53, "word": "projet", "title": false, "lemma": "projet", "pos_tag": "NOUN"}, {"type_entity": "", "position": 55, "word": "entretiendra", "title": false, "lemma": "entretenir", "pos_tag": "VERB"}, {"type_entity": "", "position": 58, "word": "president", "title": false, "lemma": "president", "pos_tag": "NOUN"}, {"type_entity": "LOC", "position": 61, "word": "Republique", "title": false, "lemma": "Republique", "pos_tag": "PROPN"}, {"type_entity": "", "position": 63, "word": "8h30", "title": false, "lemma": "8h30", "pos_tag": "NUM"}, {"type_entity": "", "position": 66, "word": "annonce", "title": false, "lemma": "annoncer", "pos_tag": "VERB"}, {"type_entity": "", "position": 68, "word": "intervenir", "title": false, "lemma": "intervenir", "pos_tag": "VERB"}, {"type_entity": "", "position": 69, "word": "apres", "title": false, "lemma": "apres", "pos_tag": "VERB"}, {"type_entity": "", "position": 71, "word": "conseil", "title": false, "lemma": "conseil", "pos_tag": "NOUN"}, {"type_entity": "", "position": 73, "word": "ministres", "title": false, "lemma": "ministre", "pos_tag": "NOUN"}, {"type_entity": "", "position": 74, "word": "fixe", "title": false, "lemma": "fixer", "pos_tag": "NOUN"}, {"type_entity": "", "position": 76, "word": "10h", "title": false, "lemma": "10h", "pos_tag": "PRON"}, {"type_entity": "", "position": 77, "word": "croit", "title": false, "lemma": "croire", "pos_tag": "VERB"}, {"type_entity": "", "position": 78, "word": "savoir", "title": false, "lemma": "savoir", "pos_tag": "VERB"}, {"type_entity": "MISC", "position": 79, "word": "OuestFrance", "title": false, "lemma": "OuestFrance", "pos_tag": "NOUN"}, {"type_entity": "MISC", "position": 82, "word": "Elysee", "title": false, "lemma": "Elysee", "pos_tag": "PROPN"}, {"type_entity": "", "position": 84, "word": "prevenu", "title": false, "lemma": "prevenu", "pos_tag": "VERB"}, {"type_entity": "", "position": 86, "word": "parlementaires", "title": false, "lemma": "parlementaire", "pos_tag": "NOUN"}, {"type_entity": "", "position": 91, "word": "fumee", "title": false, "lemma": "fumee", "pos_tag": "VERB"}, {"type_entity": "", "position": 92, "word": "blanche", "title": false, "lemma": "blanc", "pos_tag": "ADJ"}, {"type_entity": "", "position": 94, "word": "semaine", "title": false, "lemma": "semaine", "pos_tag": "NOUN"}, {"type_entity": "", "position": 95, "word": "peutetre", "title": false, "lemma": "peutetre", "pos_tag": "ADJ"}, {"type_entity": "", "position": 97, "word": "fin", "title": false, "lemma": "fin", "pos_tag": "NOUN"}, {"type_entity": "", "position": 99, "word": "semaine", "title": false, "lemma": "semaine", "pos_tag": "NOUN"}, {"type_entity": "", "position": 100, "word": "rapporte", "title": false, "lemma": "rapporter", "pos_tag": "VERB"}, {"type_entity": "", "position": 107, "word": "Si", "title": false, "lemma": "Si", "pos_tag": "SCONJ"}, {"type_entity": "", "position": 109, "word": "executif", "title": false, "lemma": "executif", "pos_tag": "NOUN"}, {"type_entity": "", "position": 113, "word": "laisse", "title": false, "lemma": "laisser", "pos_tag": "AUX"}, {"type_entity": "", "position": 114, "word": "filtrer", "title": false, "lemma": "filtrer", "pos_tag": "VERB"}, {"type_entity": "", "position": 118, "word": "consultation", "title": false, "lemma": "consultation", "pos_tag": "NOUN"}, {"type_entity": "", "position": 119, "word": "menee", "title": false, "lemma": "menee", "pos_tag": "VERB"}, {"type_entity": "", "position": 121, "word": "derniers", "title": false, "lemma": "dernier", "pos_tag": "ADJ"}, {"type_entity": "", "position": 122, "word": "jours", "title": false, "lemma": "jour", "pos_tag": "NOUN"}, {"type_entity": "", "position": 124, "word": "decision", "title": true, "lemma": "decision", "pos_tag": "NOUN"}, {"type_entity": "", "position": 125, "word": "va", "title": false, "lemma": "aller", "pos_tag": "VERB"}, {"type_entity": "", "position": 128, "word": "reamenagement", "title": false, "lemma": "reamenagement", "pos_tag": "NOUN"}, {"type_entity": "MISC", "position": 130, "word": "NantesAtlantique", "title": false, "lemma": "NantesAtlantique", "pos_tag": "NOUN"}, {"type_entity": "", "position": 133, "word": "evacuation", "title": false, "lemma": "evacuation", "pos_tag": "NOUN"}, {"type_entity": "MISC", "position": 136, "word": "Zad", "title": false, "lemma": "Zad", "pos_tag": "NOUN"}, {"type_entity": "", "position": 137, "word": "assure", "title": false, "lemma": "assurer", "pos_tag": "VERB"}, {"type_entity": "", "position": 139, "word": "parlementaire", "title": false, "lemma": "parlementaire", "pos_tag": "NOUN"}, {"type_entity": "", "position": 142, "word": "projet", "title": false, "lemma": "projet", "pos_tag": "NOUN"}, {"type_entity": "", "position": 144, "word": "aeroport", "title": false, "lemma": "aeroport", "pos_tag": "NOUN"}, {"type_entity": "", "position": 146, "word": "NotreDamedesLandes", "title": false, "lemma": "NotreDamedesLandes", "pos_tag": "NOUN"}, {"type_entity": "", "position": 149, "word": "abandonne", "title": false, "lemma": "abandonner", "pos_tag": "ADJ"}, {"type_entity": "", "position": 151, "word": "Un", "title": false, "lemma": "Un", "pos_tag": "DET"}, {"type_entity": "", "position": 152, "word": "scenario", "title": false, "lemma": "scenario", "pos_tag": "NOUN"}, {"type_entity": "", "position": 153, "word": "juge", "title": false, "lemma": "juger", "pos_tag": "NOUN"}, {"type_entity": "", "position": 154, "word": "impensable", "title": false, "lemma": "impensable", "pos_tag": "ADJ"}, {"type_entity": "", "position": 156, "word": "dernieres", "title": false, "lemma": "dernieres", "pos_tag": "NOUN"}, {"type_entity": "", "position": 157, "word": "annees", "title": false, "lemma": "annees", "pos_tag": "ADV"}, {"type_entity": "", "position": 158, "word": ",", "title": false, "lemma": ",", "pos_tag": "PUNCT"}, {"type_entity": "", "position": 159, "word": "devenu", "title": false, "lemma": "devenir", "pos_tag": "AUX"}, {"type_entity": "", "position": 160, "word": "credible", "title": false, "lemma": "credible", "pos_tag": "ADJ"}, {"type_entity": "", "position": 163, "word": "election", "title": false, "lemma": "election", "pos_tag": "NOUN"}, {"type_entity": "PER", "position": 165, "word": "Emmanuel_Macron", "title": false, "lemma": "Emmanuel_Macron", "pos_tag": "ADV"}, {"type_entity": "", "position": 166, "word": ",", "title": false, "lemma": ",", "pos_tag": "PUNCT"}, {"type_entity": "", "position": 168, "word": "renforce", "title": false, "lemma": "renforcer", "pos_tag": "VERB"}, {"type_entity": "", "position": 171, "word": "rapport", "title": false, "lemma": "rapport", "pos_tag": "NOUN"}, {"type_entity": "", "position": 173, "word": "mediateurs", "title": false, "lemma": "mediateurs", "pos_tag": "NOUN"}, {"type_entity": "", "position": 174, "word": "remis", "title": false, "lemma": "remettre", "pos_tag": "VERB"}, {"type_entity": "", "position": 175, "word": "mi-decembre", "title": false, "lemma": "mi-decembre", "pos_tag": "NOUN"}, {"type_entity": "", "position": 177, "word": ">", "title": false, "lemma": ">", "pos_tag": "PRON"}, {"type_entity": "", "position": 178, "word": ">", "title": false, "lemma": ">", "pos_tag": "PRON"}, {"type_entity": "", "position": 180, "word": "lire", "title": false, "lemma": "lire", "pos_tag": "VERB"}, {"type_entity": "", "position": 182, "word": ":", "title": false, "lemma": ":", "pos_tag": "PUNCT"}, {"type_entity": "LOC", "position": 183, "word": "Notre-Dame-des-Landes", "title": false, "lemma": "Notre-Dame-des-Landes", "pos_tag": "NOUN"}, {"type_entity": "", "position": 184, "word": ":", "title": false, "lemma": ":", "pos_tag": "PUNCT"}, {"type_entity": "", "position": 185, "word": "Un", "title": false, "lemma": "Un", "pos_tag": "DET"}, {"type_entity": "", "position": 186, "word": "projet", "title": false, "lemma": "projet", "pos_tag": "NOUN"}, {"type_entity": "", "position": 188, "word": "traine", "title": false, "lemma": "traine", "pos_tag": "VERB"}, {"type_entity": "", "position": 190, "word": "50", "title": false, "lemma": "50", "pos_tag": "NUM"}, {"type_entity": "", "position": 191, "word": "ansLe", "title": false, "lemma": "ansLe", "pos_tag": "NOUN"}, {"type_entity": "", "position": 192, "word": "gouvernement", "title": false, "lemma": "gouvernement", "pos_tag": "NOUN"}, {"type_entity": "", "position": 193, "word": "devrait", "title": false, "lemma": "devoir", "pos_tag": "AUX"}, {"type_entity": "", "position": 194, "word": "egalement", "title": false, "lemma": "egalement", "pos_tag": "ADV"}, {"type_entity": "", "position": 195, "word": "annoncer", "title": false, "lemma": "annoncer", "pos_tag": "VERB"}, {"type_entity": "", "position": 196, "word": "mercredi", "title": true, "lemma": "mercredi", "pos_tag": "NOUN"}, {"type_entity": "", "position": 200, "word": "envisage", "title": false, "lemma": "envisager", "pos_tag": "VERB"}, {"type_entity": "MISC", "position": 203, "word": "ZAD", "title": false, "lemma": "ZAD", "pos_tag": "PROPN"}, {"type_entity": "", "position": 205, "word": "Un", "title": false, "lemma": "Un", "pos_tag": "DET"}, {"type_entity": "", "position": 206, "word": "demantelement", "title": false, "lemma": "demantelement", "pos_tag": "NOUN"}, {"type_entity": "", "position": 207, "word": "rapide", "title": false, "lemma": "rapide", "pos_tag": "ADJ"}, {"type_entity": "", "position": 209, "word": "occupations", "title": false, "lemma": "occupation", "pos_tag": "NOUN"}, {"type_entity": "", "position": 210, "word": "illicites", "title": false, "lemma": "illicite", "pos_tag": "ADJ"}, {"type_entity": "", "position": 212, "word": "envisage", "title": false, "lemma": "envisager", "pos_tag": "VERB"}, {"type_entity": "MISC", "position": 214, "word": "Mots", "title": false, "lemma": "Mots", "pos_tag": "NOUN"}, {"type_entity": "", "position": 215, "word": "-", "title": false, "lemma": "-", "pos_tag": "PUNCT"}, {"type_entity": "", "position": 216, "word": "cles", "title": false, "lemma": "cles", "pos_tag": "NOUN"}, {"type_entity": "", "position": 217, "word": ":", "title": false, "lemma": ":", "pos_tag": "PUNCT"}, {"type_entity": "", "position": 1, "word": "NotreDamedesLandes", "title": false, "lemma": "NotreDamedesLandes", "pos_tag": "NOUN"}, {"type_entity": "", "position": 3, "word": "decision", "title": true, "lemma": "decision", "pos_tag": "NOUN"}, {"type_entity": "", "position": 4, "word": "tant", "title": true, "lemma": "tant", "pos_tag": "ADV"}, {"type_entity": "", "position": 5, "word": "attendue", "title": true, "lemma": "attendu", "pos_tag": "VERB"}, {"type_entity": "", "position": 6, "word": "annoncee", "title": true, "lemma": "annoncee", "pos_tag": "VERB"}, {"type_entity": "", "position": 7, "word": "mercredi", "title": true, "lemma": "mercredi", "pos_tag": "NOUN"}, {"type_entity": "", "position": 8, "word": "midi", "title": false, "lemma": "midi", "pos_tag": "ADJ"}]}