{"content": {"words": ["Ce", "mercredi", "parlement", "catalan", "issu", "elections", "21decembre", "sieger", "premiere", "fois", "Pendant", "seance", "deputes", "doivent", "elire", "president", "parlement", "membres", "bureau", "organe", "supervise", "application", "reglement", "decide", "ordre", "jour", "Bien", "huit", "deputes", "70", "etranger", "prison", "independantistes", "devraient", "pouvoir", "conserver", "majorite", "direction", "parlement", "biais", "delegations", "vote", "chef", "gouvernement", "espagnol", "Mariano_Rajoy", "lance", "lundi", "lundi15janvierun", "avertissement", "independantistes", "catalans", "prevenant", "autonomie", "region", "resterait", "suspendue", "cas", "Carles_Puigdemont", "tenterait", "gouverner", "Bruxelles", "Devant", "responsables", "parti", "reunis", "Madrid", "Mariano_Rajoy", "affirme", "futur", "president", "Catalogne", "devrait", "prendre", "fonctions", "faire", "physiquement", "car", "prendre", "fonctions", "Bruxelles", "article", "155", "restera", "vigueur", "atil", "declare", "evoquant", "passage", "Constitution", "permis", "mise", "sous", "tutelle", "region", "nordest", "pays", "27octobre", "Rajoy", "recours", "cet", "article", "destituer", "gouvernement", "regional", "dissoudre", "parlement", "convoquer", "elections", "regionales", "peine", "heures", "apres", "vote", "declaration", "independance", "chambre", "regionale", "dominee", "separatistes", "2015", "cependant", "promis", "rendre", "autonomie", "gouvernement", "investi", "mesure", "ete", "mal", "vecue", "Catalans", "tres", "attaches", "statut", "autonomie", "recupere", "apres", "fin", "dictature", "Francisco_Franco", "mort", "1975", "president", "destitue", "Carles_Puigdemont", "objet", "poursuites", "deplace", "Bruxelles", "campagne", "affirmant", "votant", "Catalans", "partaient", "reconquete", "dignite", "bafouee", "Lors", "scrutin", ",", "camp", "independantiste", "maintenu", "majorite", ",", "70", "voix", "135", "Puigdemont", ",", "liste", "\"", "Ensemble", "Catalogne", "\"", "arrivee", "premiere", "sein", "bloc", "separatiste", ",", "affirme", "etre", "investi", "objet", "poursuites", "rebellion", ",", "sedition", "detournement", "fonds", ",", "vaudraient", "etre", "place", "detention", "provisoire", "retournait", "Espagne", "Puigdemont", "souhaite", "etre", "investi", "presentant", "programme", "deputes", "teleconference", ",", "faisant", "lire", "discours", "elu", "liste", "opposition", "gouvernement", "central", "egalement", "promis", "contester", "telle", "investiture", "justice", "\"", "Dans", "cas", "pretendrait", "M._Puigdemont", "assiste", "debat", "investiture", "partir", "Bruxelles", ",", "gouvernement", "contesterait", "immediatement", "decision", "absurde", "\"", ",", "martele", "Mariano_Rajoy", "Carles_Puigdemont", "repondu", "compte", "Twitter", "ironisant", "Mariano_Rajoy", "\"", "gouverne", "Catalogne", "Madrid", "quatre", "deputes", "\"", "parti", "place", ".@marianorajoy", "tret", "4", "diputats", "el", "#", "21D", "continua", "governant", "Catalunya_des_de_Madrid", "Que", "sigui", "democrata", "respecti", "decisio", "del", "Parlament_de_Catalunya", "restituir", "el", "@catalan_gov", "pic.twitter.com/hxji4sS3jt", "bureau", "etre", "elu", "mercredi", "appliquer", "reglement", "parlement", ",", "principe", "avis", "juristes", ",", "estime", "lundi", "protagonistes", "debat", "investiture", "\"", "doivent", "assister", "\"", "seance", "permettre", "\"", "caracterise", "debat", "parlementaire", "\"", ",", "\"", "expression", "orale", "\"", ",", "\"", "contradiction", "directe", "\"", "passe", "dirigeants", "independantistes", "parlement", "deja", "ignore", "avis", "principales", "formations", "independantistes", "Catalogne", "annonce", "mardi", "soir", "trouve", "accord", "investir", "poste", "president", "regional", "Carles_Puigdemont", "liste_Ensemble_pour_la_Catalogne", "(", "centre-droit", ")", "celle", "Gauche_republicaine_de_Catalogne", "(", "ERC", ")", "\"", "accord", "soutenir", "Carles_Puigdemont", "candidat", "presidence", "region", "Catalogne", "\"", ",", "annonce", "partis", "communique", "conjoint", "precise", "accord", "implique", "acceptation", "investiture", "distance", "option", "privilegiee", "ancien", "president", "destitue", "gouvernement", "central", ",", "parti", "Belgique", "heures", "inculpation", "Espagne", "rebellion", ",", "sedition", "detournement", "fonds", "expose", "placement", "immediat", "detention", "provisoire", "rentrait", "Espagne", "accord", "atteint", "listes", "ERC", "garder", "presidence", "parlement", "ouverture", "legislature", "catalane", ",", "premiere", "seance", "mercredi", ",", "permettre", "independantistes", "poser", "jalons", "investiture", "Carles_Puigdemont", "prevue", "fin", "mois", "faut", "assurer", "soutien", "quatre", "deputes", "CUP", "(", "Candidature", "unite", "populaire", ",", "extreme", "gauche", "independantiste", ")", "gouvernement", "annonce", "bloquerait", "tentative", "Carles_Puigdemont", "quatre", "deputes", "independantistes", "installes", "Bruxelles", "tenter", "agir", "distance", "Bruxelles", "-", "votant", "seance", "initiale", "mercredi", "choisir", "president", "parlement", ",", "tard", "opposant", "Cour", "constitutionnelle", "prise", "fonction", "president", "destitue", "(", "Avec", "AFP", ")", "L_Obs", "Espagne", "Puigdemont", "dirigeratil", "Catalogne", "Bruxelles"]}, "article": {"surname_author": ["L'Obs"], "date_publication": "2018-01-17", "name_newspaper": "NouvelObservateur", "id_article": 294}, "position_word": [{"type_entity": "", "position": 1, "word": "Ce", "title": false, "lemma": "Ce", "pos_tag": "DET"}, {"type_entity": "", "position": 2, "word": "mercredi", "title": false, "lemma": "mercredi", "pos_tag": "NOUN"}, {"type_entity": "", "position": 4, "word": "parlement", "title": false, "lemma": "parlement", "pos_tag": "NOUN"}, {"type_entity": "", "position": 5, "word": "catalan", "title": false, "lemma": "catalan", "pos_tag": "VERB"}, {"type_entity": "", "position": 6, "word": "issu", "title": false, "lemma": "issu", "pos_tag": "VERB"}, {"type_entity": "", "position": 8, "word": "elections", "title": false, "lemma": "elections", "pos_tag": "NOUN"}, {"type_entity": "", "position": 10, "word": "21decembre", "title": false, "lemma": "21decembre", "pos_tag": "NOUN"}, {"type_entity": "", "position": 12, "word": "sieger", "title": false, "lemma": "sieger", "pos_tag": "VERB"}, {"type_entity": "", "position": 15, "word": "premiere", "title": false, "lemma": "premiere", "pos_tag": "ADJ"}, {"type_entity": "", "position": 16, "word": "fois", "title": false, "lemma": "foi", "pos_tag": "NOUN"}, {"type_entity": "", "position": 18, "word": "Pendant", "title": false, "lemma": "Pendant", "pos_tag": "ADP"}, {"type_entity": "", "position": 20, "word": "seance", "title": false, "lemma": "seance", "pos_tag": "NOUN"}, {"type_entity": "", "position": 22, "word": "deputes", "title": false, "lemma": "deputes", "pos_tag": "NOUN"}, {"type_entity": "", "position": 23, "word": "doivent", "title": false, "lemma": "devoir", "pos_tag": "AUX"}, {"type_entity": "", "position": 24, "word": "elire", "title": false, "lemma": "elire", "pos_tag": "VERB"}, {"type_entity": "", "position": 26, "word": "president", "title": false, "lemma": "president", "pos_tag": "NOUN"}, {"type_entity": "", "position": 28, "word": "parlement", "title": false, "lemma": "parlement", "pos_tag": "NOUN"}, {"type_entity": "", "position": 31, "word": "membres", "title": false, "lemma": "membre", "pos_tag": "NOUN"}, {"type_entity": "", "position": 34, "word": "bureau", "title": false, "lemma": "bureau", "pos_tag": "NOUN"}, {"type_entity": "", "position": 36, "word": "organe", "title": false, "lemma": "organe", "pos_tag": "NOUN"}, {"type_entity": "", "position": 38, "word": "supervise", "title": false, "lemma": "superviser", "pos_tag": "VERB"}, {"type_entity": "", "position": 40, "word": "application", "title": false, "lemma": "application", "pos_tag": "NOUN"}, {"type_entity": "", "position": 43, "word": "reglement", "title": false, "lemma": "reglement", "pos_tag": "NOUN"}, {"type_entity": "", "position": 45, "word": "decide", "title": false, "lemma": "decide", "pos_tag": "NOUN"}, {"type_entity": "", "position": 48, "word": "ordre", "title": false, "lemma": "ordre", "pos_tag": "NOUN"}, {"type_entity": "", "position": 50, "word": "jour", "title": false, "lemma": "jour", "pos_tag": "NOUN"}, {"type_entity": "", "position": 52, "word": "Bien", "title": false, "lemma": "Bien", "pos_tag": "ADV"}, {"type_entity": "", "position": 54, "word": "huit", "title": false, "lemma": "huit", "pos_tag": "NUM"}, {"type_entity": "", "position": 57, "word": "deputes", "title": false, "lemma": "deputes", "pos_tag": "NOUN"}, {"type_entity": "", "position": 59, "word": "70", "title": false, "lemma": "70", "pos_tag": "NUM"}, {"type_entity": "", "position": 63, "word": "etranger", "title": false, "lemma": "etranger", "pos_tag": "VERB"}, {"type_entity": "", "position": 66, "word": "prison", "title": false, "lemma": "prison", "pos_tag": "NOUN"}, {"type_entity": "", "position": 68, "word": "independantistes", "title": false, "lemma": "independantistes", "pos_tag": "NOUN"}, {"type_entity": "", "position": 69, "word": "devraient", "title": false, "lemma": "devoir", "pos_tag": "AUX"}, {"type_entity": "", "position": 70, "word": "pouvoir", "title": false, "lemma": "pouvoir", "pos_tag": "AUX"}, {"type_entity": "", "position": 71, "word": "conserver", "title": false, "lemma": "conserver", "pos_tag": "VERB"}, {"type_entity": "", "position": 73, "word": "majorite", "title": false, "lemma": "majorite", "pos_tag": "NOUN"}, {"type_entity": "", "position": 76, "word": "direction", "title": false, "lemma": "direction", "pos_tag": "NOUN"}, {"type_entity": "", "position": 78, "word": "parlement", "title": false, "lemma": "parlement", "pos_tag": "NOUN"}, {"type_entity": "", "position": 81, "word": "biais", "title": false, "lemma": "biais", "pos_tag": "NOUN"}, {"type_entity": "", "position": 83, "word": "delegations", "title": false, "lemma": "delegations", "pos_tag": "NOUN"}, {"type_entity": "", "position": 85, "word": "vote", "title": false, "lemma": "voter", "pos_tag": "NOUN"}, {"type_entity": "", "position": 89, "word": "chef", "title": false, "lemma": "chef", "pos_tag": "NOUN"}, {"type_entity": "", "position": 91, "word": "gouvernement", "title": false, "lemma": "gouvernement", "pos_tag": "NOUN"}, {"type_entity": "", "position": 92, "word": "espagnol", "title": false, "lemma": "espagnol", "pos_tag": "VERB"}, {"type_entity": "PER", "position": 93, "word": "Mariano_Rajoy", "title": false, "lemma": "Mariano_Rajoy", "pos_tag": "PROPN"}, {"type_entity": "", "position": 95, "word": "lance", "title": false, "lemma": "lancer", "pos_tag": "NOUN"}, {"type_entity": "", "position": 96, "word": "lundi", "title": false, "lemma": "lundi", "pos_tag": "NOUN"}, {"type_entity": "", "position": 97, "word": "lundi15janvierun", "title": false, "lemma": "lundi15janvierun", "pos_tag": "ADV"}, {"type_entity": "", "position": 98, "word": "avertissement", "title": false, "lemma": "avertissement", "pos_tag": "ADV"}, {"type_entity": "", "position": 100, "word": "independantistes", "title": false, "lemma": "independantistes", "pos_tag": "ADJ"}, {"type_entity": "", "position": 101, "word": "catalans", "title": false, "lemma": "catalan", "pos_tag": "NOUN"}, {"type_entity": "", "position": 103, "word": "prevenant", "title": false, "lemma": "prevenant", "pos_tag": "VERB"}, {"type_entity": "", "position": 106, "word": "autonomie", "title": false, "lemma": "autonomie", "pos_tag": "NOUN"}, {"type_entity": "", "position": 109, "word": "region", "title": false, "lemma": "region", "pos_tag": "NOUN"}, {"type_entity": "", "position": 110, "word": "resterait", "title": false, "lemma": "rester", "pos_tag": "VERB"}, {"type_entity": "", "position": 111, "word": "suspendue", "title": false, "lemma": "suspendu", "pos_tag": "ADJ"}, {"type_entity": "", "position": 114, "word": "cas", "title": false, "lemma": "cas", "pos_tag": "NOUN"}, {"type_entity": "PER", "position": 116, "word": "Carles_Puigdemont", "title": false, "lemma": "Carles_Puigdemont", "pos_tag": "PRON"}, {"type_entity": "", "position": 117, "word": "tenterait", "title": false, "lemma": "tenter", "pos_tag": "VERB"}, {"type_entity": "", "position": 119, "word": "gouverner", "title": false, "lemma": "gouverner", "pos_tag": "VERB"}, {"type_entity": "LOC", "position": 121, "word": "Bruxelles", "title": true, "lemma": "Bruxelles", "pos_tag": "PROPN"}, {"type_entity": "", "position": 123, "word": "Devant", "title": false, "lemma": "Devant", "pos_tag": "ADP"}, {"type_entity": "", "position": 125, "word": "responsables", "title": false, "lemma": "responsable", "pos_tag": "NOUN"}, {"type_entity": "", "position": 128, "word": "parti", "title": false, "lemma": "partir", "pos_tag": "NOUN"}, {"type_entity": "", "position": 129, "word": "reunis", "title": false, "lemma": "reunis", "pos_tag": "ADJ"}, {"type_entity": "LOC", "position": 131, "word": "Madrid", "title": false, "lemma": "Madrid", "pos_tag": "PROPN"}, {"type_entity": "PER", "position": 132, "word": "Mariano_Rajoy", "title": false, "lemma": "Mariano_Rajoy", "pos_tag": "PROPN"}, {"type_entity": "", "position": 134, "word": "affirme", "title": false, "lemma": "affirmer", "pos_tag": "VERB"}, {"type_entity": "", "position": 137, "word": "futur", "title": false, "lemma": "futur", "pos_tag": "ADJ"}, {"type_entity": "", "position": 138, "word": "president", "title": false, "lemma": "president", "pos_tag": "NOUN"}, {"type_entity": "LOC", "position": 141, "word": "Catalogne", "title": true, "lemma": "Catalogne", "pos_tag": "PROPN"}, {"type_entity": "", "position": 142, "word": "devrait", "title": false, "lemma": "devoir", "pos_tag": "AUX"}, {"type_entity": "", "position": 143, "word": "prendre", "title": false, "lemma": "prendre", "pos_tag": "VERB"}, {"type_entity": "", "position": 145, "word": "fonctions", "title": false, "lemma": "fonction", "pos_tag": "NOUN"}, {"type_entity": "", "position": 148, "word": "faire", "title": false, "lemma": "faire", "pos_tag": "VERB"}, {"type_entity": "", "position": 149, "word": "physiquement", "title": false, "lemma": "physiquement", "pos_tag": "ADV"}, {"type_entity": "", "position": 150, "word": "car", "title": false, "lemma": "car", "pos_tag": "CCONJ"}, {"type_entity": "", "position": 155, "word": "prendre", "title": false, "lemma": "prendre", "pos_tag": "VERB"}, {"type_entity": "", "position": 157, "word": "fonctions", "title": false, "lemma": "fonction", "pos_tag": "NOUN"}, {"type_entity": "LOC", "position": 159, "word": "Bruxelles", "title": true, "lemma": "Bruxelles", "pos_tag": "PROPN"}, {"type_entity": "", "position": 168, "word": "article", "title": false, "lemma": "article", "pos_tag": "NOUN"}, {"type_entity": "", "position": 169, "word": "155", "title": false, "lemma": "155", "pos_tag": "NUM"}, {"type_entity": "", "position": 170, "word": "restera", "title": false, "lemma": "rester", "pos_tag": "AUX"}, {"type_entity": "", "position": 172, "word": "vigueur", "title": false, "lemma": "vigueur", "pos_tag": "NOUN"}, {"type_entity": "", "position": 173, "word": "atil", "title": false, "lemma": "atil", "pos_tag": "VERB"}, {"type_entity": "", "position": 174, "word": "declare", "title": false, "lemma": "declare", "pos_tag": "VERB"}, {"type_entity": "", "position": 175, "word": "evoquant", "title": false, "lemma": "evoquant", "pos_tag": "ADJ"}, {"type_entity": "", "position": 177, "word": "passage", "title": false, "lemma": "passage", "pos_tag": "NOUN"}, {"type_entity": "ORG", "position": 180, "word": "Constitution", "title": false, "lemma": "Constitution", "pos_tag": "NOUN"}, {"type_entity": "", "position": 183, "word": "permis", "title": false, "lemma": "permettre", "pos_tag": "VERB"}, {"type_entity": "", "position": 185, "word": "mise", "title": false, "lemma": "miser", "pos_tag": "NOUN"}, {"type_entity": "", "position": 186, "word": "sous", "title": false, "lemma": "sou", "pos_tag": "ADP"}, {"type_entity": "", "position": 187, "word": "tutelle", "title": false, "lemma": "tutelle", "pos_tag": "NOUN"}, {"type_entity": "", "position": 190, "word": "region", "title": false, "lemma": "region", "pos_tag": "NOUN"}, {"type_entity": "", "position": 192, "word": "nordest", "title": false, "lemma": "nordest", "pos_tag": "AUX"}, {"type_entity": "", "position": 194, "word": "pays", "title": false, "lemma": "pays", "pos_tag": "NOUN"}, {"type_entity": "", "position": 197, "word": "27octobre", "title": false, "lemma": "27octobre", "pos_tag": "NOUN"}, {"type_entity": "LOC", "position": 199, "word": "Rajoy", "title": false, "lemma": "Rajoy", "pos_tag": "PROPN"}, {"type_entity": "", "position": 202, "word": "recours", "title": false, "lemma": "recourir", "pos_tag": "NOUN"}, {"type_entity": "", "position": 204, "word": "cet", "title": false, "lemma": "ce", "pos_tag": "DET"}, {"type_entity": "", "position": 205, "word": "article", "title": false, "lemma": "article", "pos_tag": "NOUN"}, {"type_entity": "", "position": 207, "word": "destituer", "title": false, "lemma": "destituer", "pos_tag": "VERB"}, {"type_entity": "", "position": 209, "word": "gouvernement", "title": false, "lemma": "gouvernement", "pos_tag": "NOUN"}, {"type_entity": "", "position": 210, "word": "regional", "title": false, "lemma": "regional", "pos_tag": "ADJ"}, {"type_entity": "", "position": 211, "word": "dissoudre", "title": false, "lemma": "dissoudre", "pos_tag": "VERB"}, {"type_entity": "", "position": 213, "word": "parlement", "title": false, "lemma": "parlement", "pos_tag": "NOUN"}, {"type_entity": "", "position": 215, "word": "convoquer", "title": false, "lemma": "convoquer", "pos_tag": "VERB"}, {"type_entity": "", "position": 217, "word": "elections", "title": false, "lemma": "elections", "pos_tag": "NOUN"}, {"type_entity": "", "position": 218, "word": "regionales", "title": false, "lemma": "regionales", "pos_tag": "ADJ"}, {"type_entity": "", "position": 220, "word": "peine", "title": false, "lemma": "peiner", "pos_tag": "NOUN"}, {"type_entity": "", "position": 222, "word": "heures", "title": false, "lemma": "heure", "pos_tag": "NOUN"}, {"type_entity": "", "position": 223, "word": "apres", "title": false, "lemma": "apres", "pos_tag": "ADJ"}, {"type_entity": "", "position": 225, "word": "vote", "title": false, "lemma": "voter", "pos_tag": "NOUN"}, {"type_entity": "", "position": 228, "word": "declaration", "title": false, "lemma": "declaration", "pos_tag": "NOUN"}, {"type_entity": "", "position": 230, "word": "independance", "title": false, "lemma": "independance", "pos_tag": "NOUN"}, {"type_entity": "", "position": 233, "word": "chambre", "title": false, "lemma": "chambrer", "pos_tag": "NOUN"}, {"type_entity": "", "position": 234, "word": "regionale", "title": false, "lemma": "regionale", "pos_tag": "ADJ"}, {"type_entity": "", "position": 235, "word": "dominee", "title": false, "lemma": "dominee", "pos_tag": "ADV"}, {"type_entity": "", "position": 238, "word": "separatistes", "title": false, "lemma": "separatistes", "pos_tag": "NOUN"}, {"type_entity": "", "position": 240, "word": "2015", "title": false, "lemma": "2015", "pos_tag": "NUM"}, {"type_entity": "", "position": 244, "word": "cependant", "title": false, "lemma": "cependant", "pos_tag": "ADV"}, {"type_entity": "", "position": 245, "word": "promis", "title": false, "lemma": "promettre", "pos_tag": "VERB"}, {"type_entity": "", "position": 248, "word": "rendre", "title": false, "lemma": "rendre", "pos_tag": "VERB"}, {"type_entity": "", "position": 250, "word": "autonomie", "title": false, "lemma": "autonomie", "pos_tag": "NOUN"}, {"type_entity": "", "position": 255, "word": "gouvernement", "title": false, "lemma": "gouvernement", "pos_tag": "NOUN"}, {"type_entity": "", "position": 257, "word": "investi", "title": false, "lemma": "investir", "pos_tag": "VERB"}, {"type_entity": "", "position": 260, "word": "mesure", "title": false, "lemma": "mesurer", "pos_tag": "NOUN"}, {"type_entity": "", "position": 262, "word": "ete", "title": false, "lemma": "ete", "pos_tag": "VERB"}, {"type_entity": "", "position": 263, "word": "mal", "title": false, "lemma": "mal", "pos_tag": "ADV"}, {"type_entity": "", "position": 264, "word": "vecue", "title": false, "lemma": "vecue", "pos_tag": "NOUN"}, {"type_entity": "LOC", "position": 268, "word": "Catalans", "title": false, "lemma": "Catalans", "pos_tag": "PROPN"}, {"type_entity": "", "position": 269, "word": "tres", "title": false, "lemma": "tres", "pos_tag": "ADJ"}, {"type_entity": "", "position": 270, "word": "attaches", "title": false, "lemma": "attacher", "pos_tag": "ADJ"}, {"type_entity": "", "position": 272, "word": "statut", "title": false, "lemma": "statut", "pos_tag": "VERB"}, {"type_entity": "", "position": 274, "word": "autonomie", "title": false, "lemma": "autonomie", "pos_tag": "NOUN"}, {"type_entity": "", "position": 275, "word": "recupere", "title": false, "lemma": "recupere", "pos_tag": "VERB"}, {"type_entity": "", "position": 276, "word": "apres", "title": false, "lemma": "apres", "pos_tag": "VERB"}, {"type_entity": "", "position": 278, "word": "fin", "title": false, "lemma": "fin", "pos_tag": "NOUN"}, {"type_entity": "", "position": 281, "word": "dictature", "title": false, "lemma": "dictature", "pos_tag": "NOUN"}, {"type_entity": "PER", "position": 283, "word": "Francisco_Franco", "title": false, "lemma": "Francisco_Franco", "pos_tag": "NOUN"}, {"type_entity": "", "position": 284, "word": "mort", "title": false, "lemma": "mourir", "pos_tag": "VERB"}, {"type_entity": "", "position": 286, "word": "1975", "title": false, "lemma": "1975", "pos_tag": "NUM"}, {"type_entity": "", "position": 289, "word": "president", "title": false, "lemma": "president", "pos_tag": "NOUN"}, {"type_entity": "", "position": 290, "word": "destitue", "title": false, "lemma": "destituer", "pos_tag": "VERB"}, {"type_entity": "PER", "position": 291, "word": "Carles_Puigdemont", "title": false, "lemma": "Carles_Puigdemont", "pos_tag": "PRON"}, {"type_entity": "", "position": 295, "word": "objet", "title": false, "lemma": "objet", "pos_tag": "NOUN"}, {"type_entity": "", "position": 297, "word": "poursuites", "title": false, "lemma": "poursuite", "pos_tag": "NOUN"}, {"type_entity": "", "position": 301, "word": "deplace", "title": false, "lemma": "deplace", "pos_tag": "NOUN"}, {"type_entity": "LOC", "position": 303, "word": "Bruxelles", "title": true, "lemma": "Bruxelles", "pos_tag": "PROPN"}, {"type_entity": "", "position": 309, "word": "campagne", "title": false, "lemma": "campagne", "pos_tag": "NOUN"}, {"type_entity": "", "position": 311, "word": "affirmant", "title": false, "lemma": "affirmer", "pos_tag": "VERB"}, {"type_entity": "", "position": 314, "word": "votant", "title": false, "lemma": "voter", "pos_tag": "VERB"}, {"type_entity": "LOC", "position": 318, "word": "Catalans", "title": false, "lemma": "Catalans", "pos_tag": "NOUN"}, {"type_entity": "", "position": 319, "word": "partaient", "title": false, "lemma": "partir", "pos_tag": "VERB"}, {"type_entity": "", "position": 322, "word": "reconquete", "title": false, "lemma": "reconquete", "pos_tag": "NOUN"}, {"type_entity": "", "position": 325, "word": "dignite", "title": false, "lemma": "dignite", "pos_tag": "NOUN"}, {"type_entity": "", "position": 326, "word": "bafouee", "title": false, "lemma": "bafouee", "pos_tag": "NOUN"}, {"type_entity": "", "position": 328, "word": "Lors", "title": false, "lemma": "Lors", "pos_tag": "ADV"}, {"type_entity": "", "position": 331, "word": "scrutin", "title": false, "lemma": "scrutin", "pos_tag": "NOUN"}, {"type_entity": "", "position": 332, "word": ",", "title": false, "lemma": ",", "pos_tag": "PUNCT"}, {"type_entity": "", "position": 334, "word": "camp", "title": false, "lemma": "camp", "pos_tag": "NOUN"}, {"type_entity": "", "position": 335, "word": "independantiste", "title": false, "lemma": "independantiste", "pos_tag": "ADJ"}, {"type_entity": "", "position": 337, "word": "maintenu", "title": false, "lemma": "maintenir", "pos_tag": "VERB"}, {"type_entity": "", "position": 339, "word": "majorite", "title": false, "lemma": "majorite", "pos_tag": "NOUN"}, {"type_entity": "", "position": 340, "word": ",", "title": false, "lemma": ",", "pos_tag": "PUNCT"}, {"type_entity": "", "position": 342, "word": "70", "title": false, "lemma": "70", "pos_tag": "NUM"}, {"type_entity": "", "position": 343, "word": "voix", "title": false, "lemma": "voix", "pos_tag": "NOUN"}, {"type_entity": "", "position": 345, "word": "135", "title": false, "lemma": "135", "pos_tag": "PRON"}, {"type_entity": "LOC", "position": 347, "word": "Puigdemont", "title": true, "lemma": "Puigdemont", "pos_tag": "AUX"}, {"type_entity": "", "position": 348, "word": ",", "title": false, "lemma": ",", "pos_tag": "PUNCT"}, {"type_entity": "", "position": 351, "word": "liste", "title": false, "lemma": "liste", "pos_tag": "NOUN"}, {"type_entity": "", "position": 352, "word": "\"", "title": false, "lemma": "\"", "pos_tag": "PUNCT"}, {"type_entity": "", "position": 353, "word": "Ensemble", "title": false, "lemma": "Ensemble", "pos_tag": "NOUN"}, {"type_entity": "LOC", "position": 356, "word": "Catalogne", "title": true, "lemma": "Catalogne", "pos_tag": "PROPN"}, {"type_entity": "", "position": 357, "word": "\"", "title": false, "lemma": "\"", "pos_tag": "PUNCT"}, {"type_entity": "", "position": 359, "word": "arrivee", "title": false, "lemma": "arrivee", "pos_tag": "ADV"}, {"type_entity": "", "position": 360, "word": "premiere", "title": false, "lemma": "premiere", "pos_tag": "ADJ"}, {"type_entity": "", "position": 362, "word": "sein", "title": false, "lemma": "sein", "pos_tag": "NOUN"}, {"type_entity": "", "position": 364, "word": "bloc", "title": false, "lemma": "bloc", "pos_tag": "NOUN"}, {"type_entity": "", "position": 365, "word": "separatiste", "title": false, "lemma": "separatiste", "pos_tag": "ADJ"}, {"type_entity": "", "position": 366, "word": ",", "title": false, "lemma": ",", "pos_tag": "PUNCT"}, {"type_entity": "", "position": 367, "word": "affirme", "title": false, "lemma": "affirmer", "pos_tag": "VERB"}, {"type_entity": "", "position": 371, "word": "etre", "title": false, "lemma": "etre", "pos_tag": "AUX"}, {"type_entity": "", "position": 374, "word": "investi", "title": false, "lemma": "investir", "pos_tag": "VERB"}, {"type_entity": "", "position": 380, "word": "objet", "title": false, "lemma": "objet", "pos_tag": "NOUN"}, {"type_entity": "", "position": 382, "word": "poursuites", "title": false, "lemma": "poursuite", "pos_tag": "NOUN"}, {"type_entity": "", "position": 384, "word": "rebellion", "title": false, "lemma": "rebellion", "pos_tag": "NOUN"}, {"type_entity": "", "position": 385, "word": ",", "title": false, "lemma": ",", "pos_tag": "PUNCT"}, {"type_entity": "", "position": 386, "word": "sedition", "title": false, "lemma": "sedition", "pos_tag": "NOUN"}, {"type_entity": "", "position": 388, "word": "detournement", "title": false, "lemma": "detournement", "pos_tag": "NOUN"}, {"type_entity": "", "position": 390, "word": "fonds", "title": false, "lemma": "fondre", "pos_tag": "NOUN"}, {"type_entity": "", "position": 391, "word": ",", "title": false, "lemma": ",", "pos_tag": "PUNCT"}, {"type_entity": "", "position": 394, "word": "vaudraient", "title": false, "lemma": "valoir", "pos_tag": "VERB"}, {"type_entity": "", "position": 396, "word": "etre", "title": false, "lemma": "etre", "pos_tag": "VERB"}, {"type_entity": "", "position": 397, "word": "place", "title": false, "lemma": "placer", "pos_tag": "NOUN"}, {"type_entity": "", "position": 399, "word": "detention", "title": false, "lemma": "detention", "pos_tag": "NOUN"}, {"type_entity": "", "position": 400, "word": "provisoire", "title": false, "lemma": "provisoire", "pos_tag": "ADJ"}, {"type_entity": "", "position": 403, "word": "retournait", "title": false, "lemma": "retourner", "pos_tag": "VERB"}, {"type_entity": "LOC", "position": 405, "word": "Espagne", "title": true, "lemma": "Espagne", "pos_tag": "NOUN"}, {"type_entity": "LOC", "position": 407, "word": "Puigdemont", "title": true, "lemma": "Puigdemont", "pos_tag": "AUX"}, {"type_entity": "", "position": 408, "word": "souhaite", "title": false, "lemma": "souhaiter", "pos_tag": "VERB"}, {"type_entity": "", "position": 410, "word": "etre", "title": false, "lemma": "etre", "pos_tag": "AUX"}, {"type_entity": "", "position": 411, "word": "investi", "title": false, "lemma": "investir", "pos_tag": "VERB"}, {"type_entity": "", "position": 413, "word": "presentant", "title": false, "lemma": "presentant", "pos_tag": "VERB"}, {"type_entity": "", "position": 415, "word": "programme", "title": false, "lemma": "programmer", "pos_tag": "NOUN"}, {"type_entity": "", "position": 417, "word": "deputes", "title": false, "lemma": "deputes", "pos_tag": "VERB"}, {"type_entity": "", "position": 419, "word": "teleconference", "title": false, "lemma": "teleconference", "pos_tag": "NOUN"}, {"type_entity": "", "position": 420, "word": ",", "title": false, "lemma": ",", "pos_tag": "PUNCT"}, {"type_entity": "", "position": 423, "word": "faisant", "title": false, "lemma": "faire", "pos_tag": "VERB"}, {"type_entity": "", "position": 424, "word": "lire", "title": false, "lemma": "lire", "pos_tag": "VERB"}, {"type_entity": "", "position": 426, "word": "discours", "title": false, "lemma": "discourir", "pos_tag": "NOUN"}, {"type_entity": "", "position": 430, "word": "elu", "title": false, "lemma": "elu", "pos_tag": "NOUN"}, {"type_entity": "", "position": 433, "word": "liste", "title": false, "lemma": "liste", "pos_tag": "NOUN"}, {"type_entity": "", "position": 436, "word": "opposition", "title": false, "lemma": "opposition", "pos_tag": "NOUN"}, {"type_entity": "", "position": 439, "word": "gouvernement", "title": false, "lemma": "gouvernement", "pos_tag": "NOUN"}, {"type_entity": "", "position": 440, "word": "central", "title": false, "lemma": "central", "pos_tag": "ADJ"}, {"type_entity": "", "position": 442, "word": "egalement", "title": false, "lemma": "egalement", "pos_tag": "ADV"}, {"type_entity": "", "position": 443, "word": "promis", "title": false, "lemma": "promettre", "pos_tag": "VERB"}, {"type_entity": "", "position": 445, "word": "contester", "title": false, "lemma": "contester", "pos_tag": "VERB"}, {"type_entity": "", "position": 447, "word": "telle", "title": false, "lemma": "tel", "pos_tag": "ADJ"}, {"type_entity": "", "position": 448, "word": "investiture", "title": false, "lemma": "investiture", "pos_tag": "NOUN"}, {"type_entity": "", "position": 451, "word": "justice", "title": false, "lemma": "justice", "pos_tag": "NOUN"}, {"type_entity": "", "position": 453, "word": "\"", "title": false, "lemma": "\"", "pos_tag": "PUNCT"}, {"type_entity": "", "position": 454, "word": "Dans", "title": false, "lemma": "Dans", "pos_tag": "ADP"}, {"type_entity": "", "position": 456, "word": "cas", "title": false, "lemma": "cas", "pos_tag": "NOUN"}, {"type_entity": "", "position": 460, "word": "pretendrait", "title": false, "lemma": "pretendrait", "pos_tag": "VERB"}, {"type_entity": "PER", "position": 462, "word": "M._Puigdemont", "title": false, "lemma": "M._Puigdemont", "pos_tag": "AUX"}, {"type_entity": "", "position": 463, "word": "assiste", "title": false, "lemma": "assister", "pos_tag": "ADJ"}, {"type_entity": "", "position": 466, "word": "debat", "title": false, "lemma": "debat", "pos_tag": "NOUN"}, {"type_entity": "", "position": 468, "word": "investiture", "title": false, "lemma": "investiture", "pos_tag": "NOUN"}, {"type_entity": "", "position": 470, "word": "partir", "title": false, "lemma": "partir", "pos_tag": "VERB"}, {"type_entity": "LOC", "position": 472, "word": "Bruxelles", "title": true, "lemma": "Bruxelles", "pos_tag": "PROPN"}, {"type_entity": "", "position": 473, "word": ",", "title": false, "lemma": ",", "pos_tag": "PUNCT"}, {"type_entity": "", "position": 475, "word": "gouvernement", "title": false, "lemma": "gouvernement", "pos_tag": "NOUN"}, {"type_entity": "", "position": 476, "word": "contesterait", "title": false, "lemma": "contester", "pos_tag": "VERB"}, {"type_entity": "", "position": 477, "word": "immediatement", "title": false, "lemma": "immediatement", "pos_tag": "VERB"}, {"type_entity": "", "position": 479, "word": "decision", "title": false, "lemma": "decision", "pos_tag": "NOUN"}, {"type_entity": "", "position": 480, "word": "absurde", "title": false, "lemma": "absurde", "pos_tag": "ADJ"}, {"type_entity": "", "position": 481, "word": "\"", "title": false, "lemma": "\"", "pos_tag": "PUNCT"}, {"type_entity": "", "position": 482, "word": ",", "title": false, "lemma": ",", "pos_tag": "PUNCT"}, {"type_entity": "", "position": 484, "word": "martele", "title": false, "lemma": "martele", "pos_tag": "VERB"}, {"type_entity": "PER", "position": 485, "word": "Mariano_Rajoy", "title": false, "lemma": "Mariano_Rajoy", "pos_tag": "PROPN"}, {"type_entity": "PER", "position": 487, "word": "Carles_Puigdemont", "title": false, "lemma": "Carles_Puigdemont", "pos_tag": "PRON"}, {"type_entity": "", "position": 489, "word": "repondu", "title": false, "lemma": "repondu", "pos_tag": "VERB"}, {"type_entity": "", "position": 492, "word": "compte", "title": false, "lemma": "compter", "pos_tag": "NOUN"}, {"type_entity": "PER", "position": 493, "word": "Twitter", "title": false, "lemma": "Twitter", "pos_tag": "VERB"}, {"type_entity": "", "position": 495, "word": "ironisant", "title": false, "lemma": "ironiser", "pos_tag": "VERB"}, {"type_entity": "PER", "position": 497, "word": "Mariano_Rajoy", "title": false, "lemma": "Mariano_Rajoy", "pos_tag": "PROPN"}, {"type_entity": "", "position": 498, "word": "\"", "title": false, "lemma": "\"", "pos_tag": "PUNCT"}, {"type_entity": "", "position": 500, "word": "gouverne", "title": false, "lemma": "gouverner", "pos_tag": "VERB"}, {"type_entity": "LOC", "position": 502, "word": "Catalogne", "title": true, "lemma": "Catalogne", "pos_tag": "PROPN"}, {"type_entity": "LOC", "position": 504, "word": "Madrid", "title": false, "lemma": "Madrid", "pos_tag": "NOUN"}, {"type_entity": "", "position": 511, "word": "quatre", "title": false, "lemma": "quatre", "pos_tag": "NUM"}, {"type_entity": "", "position": 512, "word": "deputes", "title": false, "lemma": "deputes", "pos_tag": "NOUN"}, {"type_entity": "", "position": 513, "word": "\"", "title": false, "lemma": "\"", "pos_tag": "PUNCT"}, {"type_entity": "", "position": 516, "word": "parti", "title": false, "lemma": "partir", "pos_tag": "NOUN"}, {"type_entity": "", "position": 518, "word": "place", "title": false, "lemma": "placer", "pos_tag": "NOUN"}, {"type_entity": "", "position": 520, "word": ".@marianorajoy", "title": false, "lemma": ".@marianorajoy", "pos_tag": "PUNCT"}, {"type_entity": "", "position": 522, "word": "tret", "title": false, "lemma": "tret", "pos_tag": "NOUN"}, {"type_entity": "", "position": 523, "word": "4", "title": false, "lemma": "4", "pos_tag": "NUM"}, {"type_entity": "", "position": 524, "word": "diputats", "title": false, "lemma": "diputats", "pos_tag": "NOUN"}, {"type_entity": "", "position": 525, "word": "el", "title": false, "lemma": "el", "pos_tag": "CCONJ"}, {"type_entity": "", "position": 526, "word": "#", "title": false, "lemma": "#", "pos_tag": "ADJ"}, {"type_entity": "PER", "position": 527, "word": "21D", "title": false, "lemma": "21D", "pos_tag": "NUM"}, {"type_entity": "", "position": 529, "word": "continua", "title": false, "lemma": "continuer", "pos_tag": "NOUN"}, {"type_entity": "", "position": 530, "word": "governant", "title": false, "lemma": "governant", "pos_tag": "VERB"}, {"type_entity": "PER", "position": 531, "word": "Catalunya_des_de_Madrid", "title": false, "lemma": "Catalunya_des_de_Madrid", "pos_tag": "VERB"}, {"type_entity": "", "position": 533, "word": "Que", "title": false, "lemma": "Que", "pos_tag": "PRON"}, {"type_entity": "", "position": 534, "word": "sigui", "title": false, "lemma": "sigui", "pos_tag": "VERB"}, {"type_entity": "", "position": 535, "word": "democrata", "title": false, "lemma": "democrata", "pos_tag": "VERB"}, {"type_entity": "", "position": 537, "word": "respecti", "title": false, "lemma": "respecti", "pos_tag": "VERB"}, {"type_entity": "", "position": 539, "word": "decisio", "title": false, "lemma": "decisio", "pos_tag": "ADJ"}, {"type_entity": "", "position": 540, "word": "del", "title": false, "lemma": "del", "pos_tag": "AUX"}, {"type_entity": "PER", "position": 541, "word": "Parlament_de_Catalunya", "title": false, "lemma": "Parlament_de_Catalunya", "pos_tag": "VERB"}, {"type_entity": "", "position": 543, "word": "restituir", "title": false, "lemma": "restituir", "pos_tag": "ADJ"}, {"type_entity": "", "position": 544, "word": "el", "title": false, "lemma": "el", "pos_tag": "AUX"}, {"type_entity": "", "position": 545, "word": "@catalan_gov", "title": false, "lemma": "@catalan_gov", "pos_tag": "PUNCT"}, {"type_entity": "", "position": 546, "word": "pic.twitter.com/hxji4sS3jt", "title": false, "lemma": "pic.twitter.com/hxji4sS3jt", "pos_tag": "VERB"}, {"type_entity": "", "position": 548, "word": "bureau", "title": false, "lemma": "bureau", "pos_tag": "NOUN"}, {"type_entity": "", "position": 551, "word": "etre", "title": false, "lemma": "etre", "pos_tag": "VERB"}, {"type_entity": "", "position": 552, "word": "elu", "title": false, "lemma": "elu", "pos_tag": "AUX"}, {"type_entity": "", "position": 554, "word": "mercredi", "title": false, "lemma": "mercredi", "pos_tag": "NOUN"}, {"type_entity": "", "position": 556, "word": "appliquer", "title": false, "lemma": "appliquer", "pos_tag": "VERB"}, {"type_entity": "", "position": 558, "word": "reglement", "title": false, "lemma": "reglement", "pos_tag": "NOUN"}, {"type_entity": "", "position": 560, "word": "parlement", "title": false, "lemma": "parlement", "pos_tag": "NOUN"}, {"type_entity": "", "position": 561, "word": ",", "title": false, "lemma": ",", "pos_tag": "PUNCT"}, {"type_entity": "", "position": 564, "word": "principe", "title": false, "lemma": "principe", "pos_tag": "NOUN"}, {"type_entity": "", "position": 567, "word": "avis", "title": false, "lemma": "avis", "pos_tag": "NOUN"}, {"type_entity": "", "position": 570, "word": "juristes", "title": false, "lemma": "juriste", "pos_tag": "NOUN"}, {"type_entity": "", "position": 571, "word": ",", "title": false, "lemma": ",", "pos_tag": "PUNCT"}, {"type_entity": "", "position": 574, "word": "estime", "title": false, "lemma": "estimer", "pos_tag": "VERB"}, {"type_entity": "", "position": 575, "word": "lundi", "title": false, "lemma": "lundi", "pos_tag": "NOUN"}, {"type_entity": "", "position": 578, "word": "protagonistes", "title": false, "lemma": "protagoniste", "pos_tag": "NOUN"}, {"type_entity": "", "position": 580, "word": "debat", "title": false, "lemma": "debat", "pos_tag": "NOUN"}, {"type_entity": "", "position": 582, "word": "investiture", "title": false, "lemma": "investiture", "pos_tag": "NOUN"}, {"type_entity": "", "position": 583, "word": "\"", "title": false, "lemma": "\"", "pos_tag": "PUNCT"}, {"type_entity": "", "position": 584, "word": "doivent", "title": false, "lemma": "devoir", "pos_tag": "AUX"}, {"type_entity": "", "position": 585, "word": "assister", "title": false, "lemma": "assister", "pos_tag": "VERB"}, {"type_entity": "", "position": 586, "word": "\"", "title": false, "lemma": "\"", "pos_tag": "PUNCT"}, {"type_entity": "", "position": 589, "word": "seance", "title": false, "lemma": "seance", "pos_tag": "NOUN"}, {"type_entity": "", "position": 591, "word": "permettre", "title": false, "lemma": "permettre", "pos_tag": "VERB"}, {"type_entity": "", "position": 592, "word": "\"", "title": false, "lemma": "\"", "pos_tag": "PUNCT"}, {"type_entity": "", "position": 595, "word": "caracterise", "title": false, "lemma": "caracterise", "pos_tag": "VERB"}, {"type_entity": "", "position": 597, "word": "debat", "title": false, "lemma": "debat", "pos_tag": "NOUN"}, {"type_entity": "", "position": 598, "word": "parlementaire", "title": false, "lemma": "parlementaire", "pos_tag": "ADJ"}, {"type_entity": "", "position": 599, "word": "\"", "title": false, "lemma": "\"", "pos_tag": "PUNCT"}, {"type_entity": "", "position": 600, "word": ",", "title": false, "lemma": ",", "pos_tag": "PUNCT"}, {"type_entity": "", "position": 602, "word": "\"", "title": false, "lemma": "\"", "pos_tag": "PUNCT"}, {"type_entity": "", "position": 604, "word": "expression", "title": false, "lemma": "expression", "pos_tag": "NOUN"}, {"type_entity": "", "position": 605, "word": "orale", "title": false, "lemma": "oral", "pos_tag": "ADJ"}, {"type_entity": "", "position": 606, "word": "\"", "title": false, "lemma": "\"", "pos_tag": "PUNCT"}, {"type_entity": "", "position": 607, "word": ",", "title": false, "lemma": ",", "pos_tag": "PUNCT"}, {"type_entity": "", "position": 610, "word": "\"", "title": false, "lemma": "\"", "pos_tag": "PUNCT"}, {"type_entity": "", "position": 611, "word": "contradiction", "title": false, "lemma": "contradiction", "pos_tag": "NOUN"}, {"type_entity": "", "position": 612, "word": "directe", "title": false, "lemma": "direct", "pos_tag": "ADJ"}, {"type_entity": "", "position": 613, "word": "\"", "title": false, "lemma": "\"", "pos_tag": "PUNCT"}, {"type_entity": "", "position": 618, "word": "passe", "title": false, "lemma": "passer", "pos_tag": "VERB"}, {"type_entity": "", "position": 620, "word": "dirigeants", "title": false, "lemma": "dirigeant", "pos_tag": "NOUN"}, {"type_entity": "", "position": 621, "word": "independantistes", "title": false, "lemma": "independantistes", "pos_tag": "ADJ"}, {"type_entity": "", "position": 623, "word": "parlement", "title": false, "lemma": "parlement", "pos_tag": "NOUN"}, {"type_entity": "", "position": 625, "word": "deja", "title": false, "lemma": "deja", "pos_tag": "NOUN"}, {"type_entity": "", "position": 626, "word": "ignore", "title": false, "lemma": "ignorer", "pos_tag": "VERB"}, {"type_entity": "", "position": 628, "word": "avis", "title": false, "lemma": "avis", "pos_tag": "NOUN"}, {"type_entity": "", "position": 632, "word": "principales", "title": false, "lemma": "principal", "pos_tag": "NOUN"}, {"type_entity": "", "position": 633, "word": "formations", "title": false, "lemma": "formation", "pos_tag": "NOUN"}, {"type_entity": "", "position": 634, "word": "independantistes", "title": false, "lemma": "independantistes", "pos_tag": "ADJ"}, {"type_entity": "LOC", "position": 636, "word": "Catalogne", "title": true, "lemma": "Catalogne", "pos_tag": "PROPN"}, {"type_entity": "", "position": 638, "word": "annonce", "title": false, "lemma": "annoncer", "pos_tag": "NOUN"}, {"type_entity": "", "position": 639, "word": "mardi", "title": false, "lemma": "mardi", "pos_tag": "NOUN"}, {"type_entity": "", "position": 640, "word": "soir", "title": false, "lemma": "soir", "pos_tag": "NOUN"}, {"type_entity": "", "position": 642, "word": "trouve", "title": false, "lemma": "trouver", "pos_tag": "VERB"}, {"type_entity": "", "position": 644, "word": "accord", "title": false, "lemma": "accord", "pos_tag": "NOUN"}, {"type_entity": "", "position": 646, "word": "investir", "title": false, "lemma": "investir", "pos_tag": "VERB"}, {"type_entity": "", "position": 648, "word": "poste", "title": false, "lemma": "poster", "pos_tag": "NOUN"}, {"type_entity": "", "position": 650, "word": "president", "title": false, "lemma": "president", "pos_tag": "NOUN"}, {"type_entity": "", "position": 651, "word": "regional", "title": false, "lemma": "regional", "pos_tag": "ADJ"}, {"type_entity": "PER", "position": 652, "word": "Carles_Puigdemont", "title": false, "lemma": "Carles_Puigdemont", "pos_tag": "PRON"}, {"type_entity": "LOC", "position": 655, "word": "liste_Ensemble_pour_la_Catalogne", "title": false, "lemma": "liste_Ensemble_pour_la_Catalogne", "pos_tag": "NOUN"}, {"type_entity": "", "position": 656, "word": "(", "title": false, "lemma": "(", "pos_tag": "PUNCT"}, {"type_entity": "", "position": 657, "word": "centre-droit", "title": false, "lemma": "centre-droit", "pos_tag": "NOUN"}, {"type_entity": "", "position": 658, "word": ")", "title": false, "lemma": ")", "pos_tag": "PUNCT"}, {"type_entity": "", "position": 660, "word": "celle", "title": false, "lemma": "celui", "pos_tag": "PRON"}, {"type_entity": "ORG", "position": 663, "word": "Gauche_republicaine_de_Catalogne", "title": false, "lemma": "Gauche_republicaine_de_Catalogne", "pos_tag": "NOUN"}, {"type_entity": "", "position": 664, "word": "(", "title": false, "lemma": "(", "pos_tag": "PUNCT"}, {"type_entity": "ORG", "position": 665, "word": "ERC", "title": false, "lemma": "ERC", "pos_tag": "NOUN"}, {"type_entity": "", "position": 666, "word": ")", "title": false, "lemma": ")", "pos_tag": "PUNCT"}, {"type_entity": "", "position": 667, "word": "\"", "title": false, "lemma": "\"", "pos_tag": "PUNCT"}, {"type_entity": "", "position": 670, "word": "accord", "title": false, "lemma": "accord", "pos_tag": "NOUN"}, {"type_entity": "", "position": 672, "word": "soutenir", "title": false, "lemma": "soutenir", "pos_tag": "VERB"}, {"type_entity": "PER", "position": 673, "word": "Carles_Puigdemont", "title": false, "lemma": "Carles_Puigdemont", "pos_tag": "VERB"}, {"type_entity": "", "position": 675, "word": "candidat", "title": false, "lemma": "candidat", "pos_tag": "NOUN"}, {"type_entity": "", "position": 678, "word": "presidence", "title": false, "lemma": "presidence", "pos_tag": "NOUN"}, {"type_entity": "", "position": 681, "word": "region", "title": false, "lemma": "region", "pos_tag": "NOUN"}, {"type_entity": "LOC", "position": 683, "word": "Catalogne", "title": true, "lemma": "Catalogne", "pos_tag": "PROPN"}, {"type_entity": "", "position": 684, "word": "\"", "title": false, "lemma": "\"", "pos_tag": "PUNCT"}, {"type_entity": "", "position": 685, "word": ",", "title": false, "lemma": ",", "pos_tag": "PUNCT"}, {"type_entity": "", "position": 687, "word": "annonce", "title": false, "lemma": "annoncer", "pos_tag": "VERB"}, {"type_entity": "", "position": 690, "word": "partis", "title": false, "lemma": "partir", "pos_tag": "NOUN"}, {"type_entity": "", "position": 693, "word": "communique", "title": false, "lemma": "communiquer", "pos_tag": "NOUN"}, {"type_entity": "", "position": 694, "word": "conjoint", "title": false, "lemma": "conjoindre", "pos_tag": "VERB"}, {"type_entity": "", "position": 697, "word": "precise", "title": false, "lemma": "precise", "pos_tag": "VERB"}, {"type_entity": "", "position": 701, "word": "accord", "title": false, "lemma": "accord", "pos_tag": "NOUN"}, {"type_entity": "", "position": 702, "word": "implique", "title": false, "lemma": "impliquer", "pos_tag": "VERB"}, {"type_entity": "", "position": 704, "word": "acceptation", "title": false, "lemma": "acceptation", "pos_tag": "NOUN"}, {"type_entity": "", "position": 707, "word": "investiture", "title": false, "lemma": "investiture", "pos_tag": "NOUN"}, {"type_entity": "", "position": 709, "word": "distance", "title": false, "lemma": "distancer", "pos_tag": "NOUN"}, {"type_entity": "", "position": 714, "word": "option", "title": false, "lemma": "option", "pos_tag": "NOUN"}, {"type_entity": "", "position": 715, "word": "privilegiee", "title": false, "lemma": "privilegiee", "pos_tag": "ADV"}, {"type_entity": "", "position": 718, "word": "ancien", "title": false, "lemma": "ancien", "pos_tag": "ADJ"}, {"type_entity": "", "position": 719, "word": "president", "title": false, "lemma": "president", "pos_tag": "NOUN"}, {"type_entity": "", "position": 720, "word": "destitue", "title": false, "lemma": "destituer", "pos_tag": "VERB"}, {"type_entity": "", "position": 723, "word": "gouvernement", "title": false, "lemma": "gouvernement", "pos_tag": "NOUN"}, {"type_entity": "", "position": 724, "word": "central", "title": false, "lemma": "central", "pos_tag": "ADJ"}, {"type_entity": "", "position": 725, "word": ",", "title": false, "lemma": ",", "pos_tag": "PUNCT"}, {"type_entity": "", "position": 726, "word": "parti", "title": false, "lemma": "partir", "pos_tag": "VERB"}, {"type_entity": "LOC", "position": 728, "word": "Belgique", "title": false, "lemma": "Belgique", "pos_tag": "PROPN"}, {"type_entity": "", "position": 730, "word": "heures", "title": false, "lemma": "heure", "pos_tag": "NOUN"}, {"type_entity": "", "position": 733, "word": "inculpation", "title": false, "lemma": "inculpation", "pos_tag": "NOUN"}, {"type_entity": "LOC", "position": 735, "word": "Espagne", "title": true, "lemma": "Espagne", "pos_tag": "NOUN"}, {"type_entity": "", "position": 737, "word": "rebellion", "title": false, "lemma": "rebellion", "pos_tag": "NOUN"}, {"type_entity": "", "position": 738, "word": ",", "title": false, "lemma": ",", "pos_tag": "PUNCT"}, {"type_entity": "", "position": 739, "word": "sedition", "title": false, "lemma": "sedition", "pos_tag": "NOUN"}, {"type_entity": "", "position": 741, "word": "detournement", "title": false, "lemma": "detournement", "pos_tag": "NOUN"}, {"type_entity": "", "position": 743, "word": "fonds", "title": false, "lemma": "fondre", "pos_tag": "NOUN"}, {"type_entity": "", "position": 745, "word": "expose", "title": false, "lemma": "exposer", "pos_tag": "NOUN"}, {"type_entity": "", "position": 748, "word": "placement", "title": false, "lemma": "placement", "pos_tag": "NOUN"}, {"type_entity": "", "position": 749, "word": "immediat", "title": false, "lemma": "immediat", "pos_tag": "ADJ"}, {"type_entity": "", "position": 751, "word": "detention", "title": false, "lemma": "detention", "pos_tag": "NOUN"}, {"type_entity": "", "position": 752, "word": "provisoire", "title": false, "lemma": "provisoire", "pos_tag": "ADJ"}, {"type_entity": "", "position": 755, "word": "rentrait", "title": false, "lemma": "rentrer", "pos_tag": "VERB"}, {"type_entity": "LOC", "position": 757, "word": "Espagne", "title": true, "lemma": "Espagne", "pos_tag": "NOUN"}, {"type_entity": "", "position": 760, "word": "accord", "title": false, "lemma": "accord", "pos_tag": "NOUN"}, {"type_entity": "", "position": 761, "word": "atteint", "title": false, "lemma": "atteindre", "pos_tag": "ADJ"}, {"type_entity": "", "position": 765, "word": "listes", "title": false, "lemma": "liste", "pos_tag": "NOUN"}, {"type_entity": "ORG", "position": 769, "word": "ERC", "title": false, "lemma": "ERC", "pos_tag": "NOUN"}, {"type_entity": "", "position": 771, "word": "garder", "title": false, "lemma": "garder", "pos_tag": "VERB"}, {"type_entity": "", "position": 773, "word": "presidence", "title": false, "lemma": "presidence", "pos_tag": "NOUN"}, {"type_entity": "", "position": 775, "word": "parlement", "title": false, "lemma": "parlement", "pos_tag": "NOUN"}, {"type_entity": "", "position": 778, "word": "ouverture", "title": false, "lemma": "ouverture", "pos_tag": "NOUN"}, {"type_entity": "", "position": 781, "word": "legislature", "title": false, "lemma": "legislature", "pos_tag": "NOUN"}, {"type_entity": "", "position": 782, "word": "catalane", "title": false, "lemma": "catalan", "pos_tag": "ADJ"}, {"type_entity": "", "position": 783, "word": ",", "title": false, "lemma": ",", "pos_tag": "PUNCT"}, {"type_entity": "", "position": 786, "word": "premiere", "title": false, "lemma": "premiere", "pos_tag": "NOUN"}, {"type_entity": "", "position": 787, "word": "seance", "title": false, "lemma": "seance", "pos_tag": "ADJ"}, {"type_entity": "", "position": 789, "word": "mercredi", "title": false, "lemma": "mercredi", "pos_tag": "NOUN"}, {"type_entity": "", "position": 790, "word": ",", "title": false, "lemma": ",", "pos_tag": "PUNCT"}, {"type_entity": "", "position": 792, "word": "permettre", "title": false, "lemma": "permettre", "pos_tag": "VERB"}, {"type_entity": "", "position": 794, "word": "independantistes", "title": false, "lemma": "independantistes", "pos_tag": "ADJ"}, {"type_entity": "", "position": 796, "word": "poser", "title": false, "lemma": "poser", "pos_tag": "VERB"}, {"type_entity": "", "position": 798, "word": "jalons", "title": false, "lemma": "jalon", "pos_tag": "NOUN"}, {"type_entity": "", "position": 801, "word": "investiture", "title": false, "lemma": "investiture", "pos_tag": "NOUN"}, {"type_entity": "PER", "position": 803, "word": "Carles_Puigdemont", "title": false, "lemma": "Carles_Puigdemont", "pos_tag": "DET"}, {"type_entity": "", "position": 804, "word": "prevue", "title": false, "lemma": "prevue", "pos_tag": "NOUN"}, {"type_entity": "", "position": 807, "word": "fin", "title": false, "lemma": "fin", "pos_tag": "NOUN"}, {"type_entity": "", "position": 809, "word": "mois", "title": false, "lemma": "mois", "pos_tag": "NOUN"}, {"type_entity": "", "position": 813, "word": "faut", "title": false, "lemma": "falloir", "pos_tag": "VERB"}, {"type_entity": "", "position": 817, "word": "assurer", "title": false, "lemma": "avoir", "pos_tag": "VERB"}, {"type_entity": "", "position": 819, "word": "soutien", "title": false, "lemma": "soutien", "pos_tag": "NOUN"}, {"type_entity": "", "position": 821, "word": "quatre", "title": false, "lemma": "quatre", "pos_tag": "NUM"}, {"type_entity": "", "position": 822, "word": "deputes", "title": false, "lemma": "deputes", "pos_tag": "NOUN"}, {"type_entity": "ORG", "position": 825, "word": "CUP", "title": false, "lemma": "CUP", "pos_tag": "PROPN"}, {"type_entity": "", "position": 826, "word": "(", "title": false, "lemma": "(", "pos_tag": "PUNCT"}, {"type_entity": "LOC", "position": 827, "word": "Candidature", "title": false, "lemma": "Candidature", "pos_tag": "PROPN"}, {"type_entity": "", "position": 829, "word": "unite", "title": false, "lemma": "unite", "pos_tag": "NOUN"}, {"type_entity": "", "position": 830, "word": "populaire", "title": false, "lemma": "populaire", "pos_tag": "ADJ"}, {"type_entity": "", "position": 831, "word": ",", "title": false, "lemma": ",", "pos_tag": "PUNCT"}, {"type_entity": "", "position": 832, "word": "extreme", "title": false, "lemma": "extreme", "pos_tag": "ADV"}, {"type_entity": "", "position": 833, "word": "gauche", "title": false, "lemma": "gauche", "pos_tag": "NOUN"}, {"type_entity": "", "position": 834, "word": "independantiste", "title": false, "lemma": "independantiste", "pos_tag": "ADJ"}, {"type_entity": "", "position": 835, "word": ")", "title": false, "lemma": ")", "pos_tag": "PUNCT"}, {"type_entity": "", "position": 838, "word": "gouvernement", "title": false, "lemma": "gouvernement", "pos_tag": "NOUN"}, {"type_entity": "", "position": 840, "word": "annonce", "title": false, "lemma": "annoncer", "pos_tag": "VERB"}, {"type_entity": "", "position": 843, "word": "bloquerait", "title": false, "lemma": "bloquer", "pos_tag": "VERB"}, {"type_entity": "", "position": 845, "word": "tentative", "title": false, "lemma": "tentative", "pos_tag": "NOUN"}, {"type_entity": "PER", "position": 847, "word": "Carles_Puigdemont", "title": false, "lemma": "Carles_Puigdemont", "pos_tag": "PRON"}, {"type_entity": "", "position": 850, "word": "quatre", "title": false, "lemma": "quatre", "pos_tag": "NUM"}, {"type_entity": "", "position": 851, "word": "deputes", "title": false, "lemma": "deputes", "pos_tag": "VERB"}, {"type_entity": "", "position": 852, "word": "independantistes", "title": false, "lemma": "independantistes", "pos_tag": "ADJ"}, {"type_entity": "", "position": 853, "word": "installes", "title": false, "lemma": "installer", "pos_tag": "ADJ"}, {"type_entity": "LOC", "position": 856, "word": "Bruxelles", "title": true, "lemma": "Bruxelles", "pos_tag": "PROPN"}, {"type_entity": "", "position": 858, "word": "tenter", "title": false, "lemma": "tenter", "pos_tag": "VERB"}, {"type_entity": "", "position": 860, "word": "agir", "title": false, "lemma": "agir", "pos_tag": "VERB"}, {"type_entity": "", "position": 862, "word": "distance", "title": false, "lemma": "distancer", "pos_tag": "NOUN"}, {"type_entity": "LOC", "position": 864, "word": "Bruxelles", "title": true, "lemma": "Bruxelles", "pos_tag": "PROPN"}, {"type_entity": "", "position": 865, "word": "-", "title": false, "lemma": "-", "pos_tag": "PUNCT"}, {"type_entity": "", "position": 868, "word": "votant", "title": false, "lemma": "voter", "pos_tag": "VERB"}, {"type_entity": "", "position": 872, "word": "seance", "title": false, "lemma": "seance", "pos_tag": "NOUN"}, {"type_entity": "", "position": 873, "word": "initiale", "title": false, "lemma": "initial", "pos_tag": "ADJ"}, {"type_entity": "", "position": 875, "word": "mercredi", "title": false, "lemma": "mercredi", "pos_tag": "NOUN"}, {"type_entity": "", "position": 877, "word": "choisir", "title": false, "lemma": "choisir", "pos_tag": "VERB"}, {"type_entity": "", "position": 879, "word": "president", "title": false, "lemma": "president", "pos_tag": "NOUN"}, {"type_entity": "", "position": 881, "word": "parlement", "title": false, "lemma": "parlement", "pos_tag": "NOUN"}, {"type_entity": "", "position": 882, "word": ",", "title": false, "lemma": ",", "pos_tag": "PUNCT"}, {"type_entity": "", "position": 885, "word": "tard", "title": false, "lemma": "tard", "pos_tag": "ADV"}, {"type_entity": "", "position": 888, "word": "opposant", "title": false, "lemma": "opposer", "pos_tag": "VERB"}, {"type_entity": "LOC", "position": 891, "word": "Cour", "title": false, "lemma": "Cour", "pos_tag": "NOUN"}, {"type_entity": "", "position": 892, "word": "constitutionnelle", "title": false, "lemma": "constitutionnel", "pos_tag": "ADJ"}, {"type_entity": "", "position": 895, "word": "prise", "title": false, "lemma": "priser", "pos_tag": "NOUN"}, {"type_entity": "", "position": 897, "word": "fonction", "title": false, "lemma": "fonction", "pos_tag": "NOUN"}, {"type_entity": "", "position": 899, "word": "president", "title": false, "lemma": "president", "pos_tag": "NOUN"}, {"type_entity": "", "position": 900, "word": "destitue", "title": false, "lemma": "destituer", "pos_tag": "VERB"}, {"type_entity": "", "position": 902, "word": "(", "title": false, "lemma": "(", "pos_tag": "PUNCT"}, {"type_entity": "", "position": 903, "word": "Avec", "title": false, "lemma": "Avec", "pos_tag": "ADP"}, {"type_entity": "ORG", "position": 904, "word": "AFP", "title": false, "lemma": "AFP", "pos_tag": "PROPN"}, {"type_entity": "", "position": 905, "word": ")", "title": false, "lemma": ")", "pos_tag": "PUNCT"}, {"type_entity": "PER", "position": 906, "word": "L_Obs", "title": false, "lemma": "L_Obs", "pos_tag": "NOUN"}, {"type_entity": "", "position": 1, "word": "Espagne", "title": true, "lemma": "Espagne", "pos_tag": "NOUN"}, {"type_entity": "LOC", "position": 2, "word": "Puigdemont", "title": true, "lemma": "Puigdemont", "pos_tag": "AUX"}, {"type_entity": "", "position": 3, "word": "dirigeratil", "title": false, "lemma": "dirigeratil", "pos_tag": "X"}, {"type_entity": "LOC", "position": 5, "word": "Catalogne", "title": true, "lemma": "Catalogne", "pos_tag": "PROPN"}, {"type_entity": "LOC", "position": 7, "word": "Bruxelles", "title": true, "lemma": "Bruxelles", "pos_tag": "PROPN"}]}