{"content": {"words": ["3_Billboards", "Panneaux_de_la_vengeance", "Martin_McDonagh", "Comedie", "dramatique", "americaine", "Frances_Mcdormand_Woody_Harrelson", "Sam_Rockwell", "Peter_Dinklage", "Abbie_Cornish", "1h56", "coup", "eclat", "met", "petite", "ville", "Ebbing", "sens", "dessus", "Estce", "debat", "cancer", "ledit", "Willoughby_Woody_Harrelson", "aborde", "situation", "philosophie", "Seraitce", "faire", "oublier", "tabasse", "Noir", "adjoint", "Dixon", "Sam_Rockwell", "prend", "cet", "affront", "coeur", "De", "maniere", "remarque", "collegues", "virait", "flics", "vaguement", "racistes", "resterait", "aiment", "pedes", "Pour", "replique", "pareille", "sonne", "marigot", "virilite", "pequenaude", "monde", "raisons", "Renoir", "tient", "sacre", "auteur", "Dramaturge", "reconnu", "pays", "anglosaxons", "volontiers", "provocateur", "qualifie", "Shakespeare", "ennuyeux", "insulte", "Sean_Connery", ",", "prenait", "haut", "ceremonie", "remise", "prix", "-", ",", "Irlandais", "Martin_McDonagh", "trempe", "plume", "encre", "humour", "noir", "Au", "cinema", ",", "etait", "jusqu", "ici", "remarquer", "grace", "\"", "tarantinades", "\"", "(", "\"", "Bons_Baisers_de_Bruges", "\"", ")", "(", "\"", "7", "Psychopathes", "\"", ")", "inspirees", "Avec", "\"", "3_Billboards", "\"", ",", "prix", "scenario", "Venise", ",", "signe", "classique", "instantane", "Tout", "espere", "cinema", "americain", "accapare", "surhommes", "collants", "dilemmes", "gamins", "10", "ans", ":", "grande", "histoire", "petites", "tragiquement", "drole", ",", "ferocement", "humain", ",", "dialogue", "acide", "interprete", "cadors", "-", "Frances_McDormand", "dure", "cuire", "(", "imaginez", "John_Wayne", "role", "maman", ")", "genial", "Sam_Rockwell", "policier", "white", "trash", "soupe", "lait", "Quoique", "Difficile", "circonscrire", "personnages", ",", "regard", "porte", "cesse", "evoluer", "Idem", "film", "Du", "Harold_Pinter", "chez", "rednecks", "revu", "freres_Coen", "(", "ici", "producteurs", ")", "ca", "Nicolas_Schaller", "\"", "La_Juste_Route", "\"", "Ferenc_Torok", "Drame", "hongrois", ",", "Peter_Rudolf", ",", "Bence_Tasnadi", ",", "Tamas_Szabo_Kimmel", "(", "1h31", ")", "Ferenc_Torok", ",", "magistralement", ",", "souligne", "violence", "secrete", ",", "culpabilite", "rampante", "groupe", "social", "Pour", "juifs", ",", "eternels", "errants", ",", "reste", "solution", ":", "route", "Fidele", "titre", ",", "film", "justesse", "fois", "emouvante", "enthousiasmante", "Francois_Forestier", "\"", "Last_Flag_Flying", "\"", ",", "Richard_Linklater", "Comedie", "dramatique", "americaine", ",", "Bryan_Cranston", ",", "Steve_Carell", ",", "Laurence_Fishburne", "(", "2h04", ")", "Plus", "long", "sage", "ancetre", ",", "road", "-", "movie", "temps", "touche", "maniere", "simple", "directe", "laquelle", "Richard_Linklater", "(", "\"", "Boyhood", "\"", ")", "sonde", "psyche", "americaine", ",", "grace", "trio", "acteurs", ":", "Steve_Carell", ",", "pere", "muet", "tristesse", ",", "Laurence_Fishburne", ",", "pasteur", "placide", ",", "Bryan_Cranston", ",", "barman", "cynique", "Lequel", "assure", "brillamment", "show", "Nicolas_Schaller", "\"", "Le_Rire_de_ma_mere", "\"", ",", "Colombe_Savignac", "Pascal_Ralite", "Comedie", "dramatique", "francaise", ",", "Suzanne_Clement", ",", "Igor_Van_Dessel", ",", "Pascal_Demolon", "(", "1h32", ")", "equilibre", "subtil", "drame", "comedie", "initiatique", "ici", "carburant", "energie", "vie", "emotion", "relayee", "irradiante", "Suzanne_Clement", "jeune", "Igor_Van_Dessel", "(", "\"", "Echange", "princesses", "\"", ")", ",", "stupefiant", "naturel", "maturite", "jeu", "Xavier_Leherpeur", "\"", "Enfant", "Goa", "\"", ",", "Miransha_Naik", "Drame", "social", "indien", ",", "Rushikesh_Naik", ",", "Sudesh_Bhise", ",", "Prashanti_Talpankar", "(", "1h34", ")", "fois", "critique", "sociale", "aventure", "individuelle", ",", "premier", "film", "Miransha_Naik", "fonde", "histoire", "authentique", "Acteurs", "professionnels", ",", "decors", "naturels", ",", "volonte", "denoncer", "arbitraire", "slumlords", "indiens", "fois", "film", "combat", "tentative", "artistique", ":", "mix", ",", "abouti", ",", "touchant", "Francois_Forestier", "\"", "Enquete", "paradis", "\"", ",", "Merzak_Allouache", "Documentaire", "algerien", ",", "Salima_Abada", ",", "Younes_Sabeur", ",", "Aida_Kechoud", "(", "2h15", ")", "Un", "vrai", "faux", "doc", "porte", "preoccupation", "sociale", "auteur", "\"", "Repenti", "\"", ",", "inquietant", "constat", "souvent", "drole", "desarroi", "Un", "long", ",", "narquois", ",", "incisif", "provocateur", "Un", "salutaire", "coup", "pied", "fourmiliere", "patriarcat", "culturel", "Biyouna", ",", "interviewee", ",", "resume", ":", "\"", "Dans", "vie", "galerent", "seule", ",", "-", "bas", "veulent", "soixante-douze", "\"", "Tout", "Xavier_Leherpeur", "\"", "Surface", "reparation", "\"", ",", "Christophe_Regin", "Comedie", "dramatique", "francaise", ",", "Franck_Gastambide", ",", "Alice_Isaaz", ",", "Hippolyte_Girardot", "(", "1h34", ")", "titre", ",", "beau", "double", "sens", "rencontre", "solitudes", "Franck_Gastambide", "Alice_Isaaz", "collent", "personnages", ",", "peinture", "club", "province", "coulisses", "tres", "convaincante", ",", "manque", "regard", ",", "je-ne-sais-quoi", "distingue", "travail", "film", "reussi", "Nicolas_Schaller", "\"", "The", "Last", "Family", "\"", ",", "Jan_P._Matuszynski", "Comedie", "dramatique", "polonaise", ",", "Andrzej_Seweryn", ",", "Dawid_Ogrodnik", ",", "Andrzej_Chyra", "(", "2h03", ")", "On", "voit", "interesse", "Jan_P._Matuszynski", "premier", "film", ":", "dinguerie", "famille", "hors", "norme", "film", "sent", "huile", "coude", "chou", "Tout", "sinistre", ",", "meme", "scenes", "droles", "Pourquoi", "voir", "film", "heures", "personnages", "glauquissimes", "Francois_Forestier", "\"", "Winter_War", "\"", ",", "David_Aboucaya", "Drame", "historique", "francais", ",", "Manuel_Goncalves", ",", "Laurent_Guiot", ",", "Laurent_Cerulli", "(", "2h20", ")", "courage", "suffit", "pallier", "deficit", "souffle", "originalite", "comediens", "declament", "serieux", "prete", "sourire", "dialogues", "pesamment", "pedagogiques", "scenario", ",", "nourri", "cliches", "(", "suite", "fin", "agonies", "fond", "musique", "martiale", ")", ",", "succession", "scenes", "assaut", "filmees", "camera", "epaule", "ambitionne", "donner", "illusion", "immersion", ",", "seme", "confusion", "Xavier_Leherpeur", "\"", "Ami", "-", "Ami", "\"", ",", "Victor_Saint_Macary", "Comedie", "francaise", ",", "William_Lebghil", ",", "Margot_Bancilhon", ",", "Camille_Razat", ",", "Jonathan_Cohen", "(", "1h26", ")", "Ce", "premier", "film", "theatre", "boulevard", ",", "chasses", "-", "croises", ",", "quiproquos", ",", "portes", "claquees", "disputes", "homeriques", "Malgre", "duree", "tres", "raisonnable", "efforts", "meritoires", "acteurs", ",", "ca", "parait", "long", "cause", ":", "manque", "rythme", "On", "attendra", "deuxieme", "film", "Francois_Forestier", "\"", "24h", "Limit", "\"", "Brian_Smrz", "Film", "action", "americain", ",", "Ethan_Hawke", ",", "Paul_Anderson", ",", "Rutger_Hauer", "(", "1h33", ")", "Xavier_Leherpeur", "\"", "In_The_Fade", "\"", ",", "Fatih_Akin", "Drame_Franco", "-", "Allemand", ",", "Diane_Kruger", ",", "Denis_Moschitto", ",", "Numan_Acar", "(", "1h46", ")", "theme", "brulante", "actualite", ",", "choix", "faire", "film", "vengeance", ",", "risque", "Fatih_Akin", "(", "\"", "De", "cote", "\"", ",", "\"", "Soul_Kitchen", "\"", ")", "droit", "erreur", ",", "accumule", "faux", ":", "explose", "barometre", "pathos", ",", "caricature", "partie", "adverse", "juges", "proces", ",", "ose", "scenes", "indignes", "depareraient", "meme", "telefilm", "TF1", "Que", "Diane_Kruger", "sorte", "indemne", "tel", "ratage", ",", "auquel", "apporte", "nuances", ",", "meritait", "recompense", "Nicolas_Schaller", "Obs", "\"", "3_Billboards", "Panneaux_de_la_vengeance", "\"", ",", "Martin_McDonagh", "Comedie", "dramatique", "americaine", ",", "Frances_Mcdormand", ",", "Woody_Harrelson", ",", "Sam_Rockwell", ",", "Peter_Dinklage", ",", "Abbie_Cornish", "(", "1h56", ")", "\"", "La_Juste_Route", "\"", "Ferenc_Torok", "Drame", "hongrois", ",", "Peter_Rudolf", ",", "Bence_Tasnadi", ",", "Tamas_Szabo_Kimmel", "(", "1h31", ")", "3_Billboards", "La_Juste_Route", "films", "voir", "semaine"]}, "article": {"surname_author": ["L'Obs"], "date_publication": "2018-01-17", "name_newspaper": "NouvelObservateur", "id_article": 301}, "position_word": [{"type_entity": "ORG", "position": 1, "word": "3_Billboards", "title": false, "lemma": "3_Billboards", "pos_tag": "NOUN"}, {"type_entity": "LOC", "position": 4, "word": "Panneaux_de_la_vengeance", "title": false, "lemma": "Panneaux_de_la_vengeance", "pos_tag": "NOUN"}, {"type_entity": "PER", "position": 6, "word": "Martin_McDonagh", "title": false, "lemma": "Martin_McDonagh", "pos_tag": "NOUN"}, {"type_entity": "LOC", "position": 8, "word": "Comedie", "title": false, "lemma": "Comedie", "pos_tag": "NOUN"}, {"type_entity": "", "position": 9, "word": "dramatique", "title": false, "lemma": "dramatique", "pos_tag": "ADJ"}, {"type_entity": "", "position": 10, "word": "americaine", "title": false, "lemma": "americaine", "pos_tag": "NOUN"}, {"type_entity": "", "position": 12, "word": "Frances_Mcdormand_Woody_Harrelson", "title": false, "lemma": "Frances_Mcdormand_Woody_Harrelson", "pos_tag": "NOUN"}, {"type_entity": "PER", "position": 13, "word": "Sam_Rockwell", "title": false, "lemma": "Sam_Rockwell", "pos_tag": "PROPN"}, {"type_entity": "PER", "position": 14, "word": "Peter_Dinklage", "title": false, "lemma": "Peter_Dinklage", "pos_tag": "NOUN"}, {"type_entity": "PER", "position": 15, "word": "Abbie_Cornish", "title": false, "lemma": "Abbie_Cornish", "pos_tag": "ADJ"}, {"type_entity": "", "position": 16, "word": "1h56", "title": false, "lemma": "1h56", "pos_tag": "NOUN"}, {"type_entity": "", "position": 19, "word": "coup", "title": false, "lemma": "coup", "pos_tag": "NOUN"}, {"type_entity": "", "position": 21, "word": "eclat", "title": false, "lemma": "eclat", "pos_tag": "VERB"}, {"type_entity": "", "position": 22, "word": "met", "title": false, "lemma": "mettre", "pos_tag": "VERB"}, {"type_entity": "", "position": 24, "word": "petite", "title": false, "lemma": "petit", "pos_tag": "ADJ"}, {"type_entity": "", "position": 25, "word": "ville", "title": false, "lemma": "ville", "pos_tag": "NOUN"}, {"type_entity": "LOC", "position": 27, "word": "Ebbing", "title": false, "lemma": "Ebbing", "pos_tag": "PROPN"}, {"type_entity": "", "position": 28, "word": "sens", "title": false, "lemma": "sentir", "pos_tag": "VERB"}, {"type_entity": "", "position": 29, "word": "dessus", "title": false, "lemma": "dessus", "pos_tag": "ADV"}, {"type_entity": "PER", "position": 32, "word": "Estce", "title": false, "lemma": "Estce", "pos_tag": "VERB"}, {"type_entity": "", "position": 37, "word": "debat", "title": false, "lemma": "debat", "pos_tag": "VERB"}, {"type_entity": "", "position": 40, "word": "cancer", "title": false, "lemma": "cancer", "pos_tag": "NOUN"}, {"type_entity": "", "position": 42, "word": "ledit", "title": false, "lemma": "ledit", "pos_tag": "VERB"}, {"type_entity": "", "position": 43, "word": "Willoughby_Woody_Harrelson", "title": false, "lemma": "Willoughby_Woody_Harrelson", "pos_tag": "PROPN"}, {"type_entity": "", "position": 44, "word": "aborde", "title": false, "lemma": "aborder", "pos_tag": "VERB"}, {"type_entity": "", "position": 46, "word": "situation", "title": false, "lemma": "situation", "pos_tag": "NOUN"}, {"type_entity": "", "position": 48, "word": "philosophie", "title": false, "lemma": "philosophie", "pos_tag": "NOUN"}, {"type_entity": "LOC", "position": 50, "word": "Seraitce", "title": false, "lemma": "Seraitce", "pos_tag": "NOUN"}, {"type_entity": "", "position": 52, "word": "faire", "title": false, "lemma": "faire", "pos_tag": "VERB"}, {"type_entity": "", "position": 53, "word": "oublier", "title": false, "lemma": "oublier", "pos_tag": "VERB"}, {"type_entity": "", "position": 57, "word": "tabasse", "title": false, "lemma": "tabasser", "pos_tag": "VERB"}, {"type_entity": "", "position": 59, "word": "Noir", "title": false, "lemma": "Noir", "pos_tag": "NOUN"}, {"type_entity": "", "position": 62, "word": "adjoint", "title": false, "lemma": "adjoindre", "pos_tag": "NOUN"}, {"type_entity": "", "position": 63, "word": "Dixon", "title": false, "lemma": "Dixon", "pos_tag": "PROPN"}, {"type_entity": "PER", "position": 64, "word": "Sam_Rockwell", "title": false, "lemma": "Sam_Rockwell", "pos_tag": "PROPN"}, {"type_entity": "", "position": 65, "word": "prend", "title": false, "lemma": "prendre", "pos_tag": "VERB"}, {"type_entity": "", "position": 66, "word": "cet", "title": false, "lemma": "ce", "pos_tag": "PRON"}, {"type_entity": "", "position": 67, "word": "affront", "title": false, "lemma": "affront", "pos_tag": "VERB"}, {"type_entity": "", "position": 69, "word": "coeur", "title": false, "lemma": "coeur", "pos_tag": "NOUN"}, {"type_entity": "", "position": 71, "word": "De", "title": false, "lemma": "De", "pos_tag": "ADP"}, {"type_entity": "", "position": 73, "word": "maniere", "title": false, "lemma": "maniere", "pos_tag": "NOUN"}, {"type_entity": "", "position": 74, "word": "remarque", "title": false, "lemma": "remarquer", "pos_tag": "ADJ"}, {"type_entity": "", "position": 78, "word": "collegues", "title": false, "lemma": "collegues", "pos_tag": "NOUN"}, {"type_entity": "", "position": 81, "word": "virait", "title": false, "lemma": "virer", "pos_tag": "VERB"}, {"type_entity": "", "position": 84, "word": "flics", "title": false, "lemma": "flic", "pos_tag": "NOUN"}, {"type_entity": "", "position": 85, "word": "vaguement", "title": false, "lemma": "vaguement", "pos_tag": "ADV"}, {"type_entity": "", "position": 86, "word": "racistes", "title": false, "lemma": "raciste", "pos_tag": "VERB"}, {"type_entity": "", "position": 90, "word": "resterait", "title": false, "lemma": "rester", "pos_tag": "VERB"}, {"type_entity": "", "position": 96, "word": "aiment", "title": false, "lemma": "aimer", "pos_tag": "ADV"}, {"type_entity": "", "position": 99, "word": "pedes", "title": false, "lemma": "pedes", "pos_tag": "NOUN"}, {"type_entity": "", "position": 101, "word": "Pour", "title": false, "lemma": "Pour", "pos_tag": "ADP"}, {"type_entity": "", "position": 104, "word": "replique", "title": false, "lemma": "replique", "pos_tag": "NOUN"}, {"type_entity": "", "position": 105, "word": "pareille", "title": false, "lemma": "pareil", "pos_tag": "ADJ"}, {"type_entity": "", "position": 106, "word": "sonne", "title": false, "lemma": "sonner", "pos_tag": "VERB"}, {"type_entity": "", "position": 109, "word": "marigot", "title": false, "lemma": "marigot", "pos_tag": "NOUN"}, {"type_entity": "", "position": 111, "word": "virilite", "title": false, "lemma": "virilite", "pos_tag": "NOUN"}, {"type_entity": "", "position": 112, "word": "pequenaude", "title": false, "lemma": "pequenaude", "pos_tag": "NOUN"}, {"type_entity": "", "position": 117, "word": "monde", "title": false, "lemma": "monder", "pos_tag": "NOUN"}, {"type_entity": "", "position": 120, "word": "raisons", "title": false, "lemma": "raison", "pos_tag": "NOUN"}, {"type_entity": "PER", "position": 122, "word": "Renoir", "title": false, "lemma": "Renoir", "pos_tag": "PROPN"}, {"type_entity": "", "position": 127, "word": "tient", "title": false, "lemma": "tenir", "pos_tag": "VERB"}, {"type_entity": "", "position": 130, "word": "sacre", "title": false, "lemma": "sacrer", "pos_tag": "ADJ"}, {"type_entity": "", "position": 131, "word": "auteur", "title": false, "lemma": "auteur", "pos_tag": "NOUN"}, {"type_entity": "", "position": 133, "word": "Dramaturge", "title": false, "lemma": "Dramaturge", "pos_tag": "PRON"}, {"type_entity": "", "position": 134, "word": "reconnu", "title": false, "lemma": "reconna\u00eetre", "pos_tag": "VERB"}, {"type_entity": "", "position": 137, "word": "pays", "title": false, "lemma": "pays", "pos_tag": "NOUN"}, {"type_entity": "", "position": 138, "word": "anglosaxons", "title": false, "lemma": "anglosaxons", "pos_tag": "ADJ"}, {"type_entity": "", "position": 140, "word": "volontiers", "title": false, "lemma": "volontiers", "pos_tag": "NOUN"}, {"type_entity": "", "position": 141, "word": "provocateur", "title": false, "lemma": "provocateur", "pos_tag": "NOUN"}, {"type_entity": "", "position": 144, "word": "qualifie", "title": false, "lemma": "qualifier", "pos_tag": "X"}, {"type_entity": "PER", "position": 145, "word": "Shakespeare", "title": false, "lemma": "Shakespeare", "pos_tag": "PROPN"}, {"type_entity": "", "position": 147, "word": "ennuyeux", "title": false, "lemma": "ennuyeux", "pos_tag": "ADJ"}, {"type_entity": "", "position": 149, "word": "insulte", "title": false, "lemma": "insulter", "pos_tag": "ADJ"}, {"type_entity": "PER", "position": 150, "word": "Sean_Connery", "title": false, "lemma": "Sean_Connery", "pos_tag": "ADJ"}, {"type_entity": "", "position": 151, "word": ",", "title": false, "lemma": ",", "pos_tag": "PUNCT"}, {"type_entity": "", "position": 154, "word": "prenait", "title": false, "lemma": "prendre", "pos_tag": "VERB"}, {"type_entity": "", "position": 156, "word": "haut", "title": false, "lemma": "haut", "pos_tag": "ADJ"}, {"type_entity": "", "position": 160, "word": "ceremonie", "title": false, "lemma": "ceremonie", "pos_tag": "NOUN"}, {"type_entity": "", "position": 162, "word": "remise", "title": false, "lemma": "remiser", "pos_tag": "NOUN"}, {"type_entity": "", "position": 164, "word": "prix", "title": false, "lemma": "prix", "pos_tag": "NOUN"}, {"type_entity": "", "position": 165, "word": "-", "title": false, "lemma": "-", "pos_tag": "PUNCT"}, {"type_entity": "", "position": 166, "word": ",", "title": false, "lemma": ",", "pos_tag": "PUNCT"}, {"type_entity": "LOC", "position": 168, "word": "Irlandais", "title": false, "lemma": "Irlandais", "pos_tag": "PROPN"}, {"type_entity": "PER", "position": 169, "word": "Martin_McDonagh", "title": false, "lemma": "Martin_McDonagh", "pos_tag": "NOUN"}, {"type_entity": "", "position": 170, "word": "trempe", "title": false, "lemma": "tremper", "pos_tag": "NOUN"}, {"type_entity": "", "position": 172, "word": "plume", "title": false, "lemma": "plumer", "pos_tag": "NOUN"}, {"type_entity": "", "position": 175, "word": "encre", "title": false, "lemma": "encrer", "pos_tag": "NOUN"}, {"type_entity": "", "position": 178, "word": "humour", "title": false, "lemma": "humour", "pos_tag": "ADP"}, {"type_entity": "", "position": 179, "word": "noir", "title": false, "lemma": "noir", "pos_tag": "ADJ"}, {"type_entity": "", "position": 181, "word": "Au", "title": false, "lemma": "Au", "pos_tag": "DET"}, {"type_entity": "", "position": 182, "word": "cinema", "title": false, "lemma": "cinema", "pos_tag": "NOUN"}, {"type_entity": "", "position": 183, "word": ",", "title": false, "lemma": ",", "pos_tag": "PUNCT"}, {"type_entity": "", "position": 186, "word": "etait", "title": false, "lemma": "etait", "pos_tag": "VERB"}, {"type_entity": "", "position": 187, "word": "jusqu", "title": false, "lemma": "jusqu", "pos_tag": "VERB"}, {"type_entity": "", "position": 188, "word": "ici", "title": false, "lemma": "ici", "pos_tag": "ADV"}, {"type_entity": "", "position": 190, "word": "remarquer", "title": false, "lemma": "remarquer", "pos_tag": "VERB"}, {"type_entity": "", "position": 191, "word": "grace", "title": false, "lemma": "grace", "pos_tag": "NOUN"}, {"type_entity": "", "position": 194, "word": "\"", "title": false, "lemma": "\"", "pos_tag": "PUNCT"}, {"type_entity": "", "position": 195, "word": "tarantinades", "title": false, "lemma": "tarantinades", "pos_tag": "NOUN"}, {"type_entity": "", "position": 196, "word": "\"", "title": false, "lemma": "\"", "pos_tag": "PUNCT"}, {"type_entity": "", "position": 198, "word": "(", "title": false, "lemma": "(", "pos_tag": "PUNCT"}, {"type_entity": "", "position": 199, "word": "\"", "title": false, "lemma": "\"", "pos_tag": "PUNCT"}, {"type_entity": "MISC", "position": 200, "word": "Bons_Baisers_de_Bruges", "title": false, "lemma": "Bons_Baisers_de_Bruges", "pos_tag": "PROPN"}, {"type_entity": "", "position": 201, "word": "\"", "title": false, "lemma": "\"", "pos_tag": "PUNCT"}, {"type_entity": "", "position": 202, "word": ")", "title": false, "lemma": ")", "pos_tag": "PUNCT"}, {"type_entity": "", "position": 205, "word": "(", "title": false, "lemma": "(", "pos_tag": "PUNCT"}, {"type_entity": "", "position": 206, "word": "\"", "title": false, "lemma": "\"", "pos_tag": "PUNCT"}, {"type_entity": "", "position": 207, "word": "7", "title": false, "lemma": "7", "pos_tag": "NUM"}, {"type_entity": "", "position": 208, "word": "Psychopathes", "title": false, "lemma": "Psychopathes", "pos_tag": "NOUN"}, {"type_entity": "", "position": 209, "word": "\"", "title": false, "lemma": "\"", "pos_tag": "PUNCT"}, {"type_entity": "", "position": 210, "word": ")", "title": false, "lemma": ")", "pos_tag": "PUNCT"}, {"type_entity": "", "position": 211, "word": "inspirees", "title": false, "lemma": "inspirees", "pos_tag": "NOUN"}, {"type_entity": "", "position": 213, "word": "Avec", "title": false, "lemma": "Avec", "pos_tag": "ADP"}, {"type_entity": "", "position": 214, "word": "\"", "title": false, "lemma": "\"", "pos_tag": "PUNCT"}, {"type_entity": "ORG", "position": 215, "word": "3_Billboards", "title": false, "lemma": "3_Billboards", "pos_tag": "PRON"}, {"type_entity": "", "position": 216, "word": "\"", "title": false, "lemma": "\"", "pos_tag": "PUNCT"}, {"type_entity": "", "position": 217, "word": ",", "title": false, "lemma": ",", "pos_tag": "PUNCT"}, {"type_entity": "", "position": 218, "word": "prix", "title": false, "lemma": "prix", "pos_tag": "NOUN"}, {"type_entity": "", "position": 220, "word": "scenario", "title": false, "lemma": "scenario", "pos_tag": "NOUN"}, {"type_entity": "LOC", "position": 222, "word": "Venise", "title": false, "lemma": "Venise", "pos_tag": "PROPN"}, {"type_entity": "", "position": 223, "word": ",", "title": false, "lemma": ",", "pos_tag": "PUNCT"}, {"type_entity": "", "position": 225, "word": "signe", "title": false, "lemma": "signer", "pos_tag": "VERB"}, {"type_entity": "", "position": 227, "word": "classique", "title": false, "lemma": "classique", "pos_tag": "NOUN"}, {"type_entity": "", "position": 228, "word": "instantane", "title": false, "lemma": "instantane", "pos_tag": "ADJ"}, {"type_entity": "", "position": 230, "word": "Tout", "title": false, "lemma": "Tout", "pos_tag": "ADJ"}, {"type_entity": "", "position": 234, "word": "espere", "title": false, "lemma": "espere", "pos_tag": "NOUN"}, {"type_entity": "", "position": 237, "word": "cinema", "title": false, "lemma": "cinema", "pos_tag": "NOUN"}, {"type_entity": "", "position": 238, "word": "americain", "title": false, "lemma": "americain", "pos_tag": "ADJ"}, {"type_entity": "", "position": 239, "word": "accapare", "title": false, "lemma": "accaparer", "pos_tag": "VERB"}, {"type_entity": "", "position": 242, "word": "surhommes", "title": false, "lemma": "surhomme", "pos_tag": "NOUN"}, {"type_entity": "", "position": 244, "word": "collants", "title": false, "lemma": "collant", "pos_tag": "NOUN"}, {"type_entity": "", "position": 247, "word": "dilemmes", "title": false, "lemma": "dilemme", "pos_tag": "NOUN"}, {"type_entity": "", "position": 249, "word": "gamins", "title": false, "lemma": "gamin", "pos_tag": "NOUN"}, {"type_entity": "", "position": 251, "word": "10", "title": false, "lemma": "10", "pos_tag": "NUM"}, {"type_entity": "", "position": 252, "word": "ans", "title": false, "lemma": "an", "pos_tag": "NOUN"}, {"type_entity": "", "position": 253, "word": ":", "title": false, "lemma": ":", "pos_tag": "PUNCT"}, {"type_entity": "", "position": 255, "word": "grande", "title": false, "lemma": "grand", "pos_tag": "ADJ"}, {"type_entity": "", "position": 256, "word": "histoire", "title": false, "lemma": "histoire", "pos_tag": "NOUN"}, {"type_entity": "", "position": 259, "word": "petites", "title": false, "lemma": "petit", "pos_tag": "ADJ"}, {"type_entity": "", "position": 264, "word": "tragiquement", "title": false, "lemma": "tragiquement", "pos_tag": "ADV"}, {"type_entity": "", "position": 265, "word": "drole", "title": false, "lemma": "drole", "pos_tag": "ADJ"}, {"type_entity": "", "position": 266, "word": ",", "title": false, "lemma": ",", "pos_tag": "PUNCT"}, {"type_entity": "", "position": 267, "word": "ferocement", "title": false, "lemma": "ferocement", "pos_tag": "ADV"}, {"type_entity": "", "position": 268, "word": "humain", "title": false, "lemma": "humain", "pos_tag": "ADJ"}, {"type_entity": "", "position": 269, "word": ",", "title": false, "lemma": ",", "pos_tag": "PUNCT"}, {"type_entity": "", "position": 270, "word": "dialogue", "title": false, "lemma": "dialoguer", "pos_tag": "NOUN"}, {"type_entity": "", "position": 273, "word": "acide", "title": false, "lemma": "acide", "pos_tag": "NOUN"}, {"type_entity": "", "position": 275, "word": "interprete", "title": false, "lemma": "interprete", "pos_tag": "VERB"}, {"type_entity": "", "position": 278, "word": "cadors", "title": false, "lemma": "cador", "pos_tag": "NOUN"}, {"type_entity": "", "position": 279, "word": "-", "title": false, "lemma": "-", "pos_tag": "PUNCT"}, {"type_entity": "PER", "position": 280, "word": "Frances_McDormand", "title": false, "lemma": "Frances_McDormand", "pos_tag": "PROPN"}, {"type_entity": "", "position": 282, "word": "dure", "title": false, "lemma": "durer", "pos_tag": "NOUN"}, {"type_entity": "", "position": 284, "word": "cuire", "title": false, "lemma": "cuire", "pos_tag": "ADJ"}, {"type_entity": "", "position": 285, "word": "(", "title": false, "lemma": "(", "pos_tag": "PUNCT"}, {"type_entity": "", "position": 286, "word": "imaginez", "title": false, "lemma": "imaginer", "pos_tag": "PROPN"}, {"type_entity": "PER", "position": 287, "word": "John_Wayne", "title": false, "lemma": "John_Wayne", "pos_tag": "PROPN"}, {"type_entity": "", "position": 290, "word": "role", "title": false, "lemma": "role", "pos_tag": "NOUN"}, {"type_entity": "", "position": 293, "word": "maman", "title": false, "lemma": "maman", "pos_tag": "NOUN"}, {"type_entity": "", "position": 294, "word": ")", "title": false, "lemma": ")", "pos_tag": "PUNCT"}, {"type_entity": "", "position": 298, "word": "genial", "title": false, "lemma": "genial", "pos_tag": "ADJ"}, {"type_entity": "PER", "position": 299, "word": "Sam_Rockwell", "title": false, "lemma": "Sam_Rockwell", "pos_tag": "PROPN"}, {"type_entity": "", "position": 301, "word": "policier", "title": false, "lemma": "policier", "pos_tag": "NOUN"}, {"type_entity": "", "position": 302, "word": "white", "title": false, "lemma": "white", "pos_tag": "NOUN"}, {"type_entity": "", "position": 303, "word": "trash", "title": false, "lemma": "trash", "pos_tag": "ADJ"}, {"type_entity": "", "position": 305, "word": "soupe", "title": false, "lemma": "souper", "pos_tag": "ADJ"}, {"type_entity": "", "position": 307, "word": "lait", "title": false, "lemma": "lait", "pos_tag": "VERB"}, {"type_entity": "", "position": 309, "word": "Quoique", "title": false, "lemma": "Quoique", "pos_tag": "ADJ"}, {"type_entity": "PER", "position": 311, "word": "Difficile", "title": false, "lemma": "Difficile", "pos_tag": "ADJ"}, {"type_entity": "", "position": 313, "word": "circonscrire", "title": false, "lemma": "circonscrire", "pos_tag": "VERB"}, {"type_entity": "", "position": 315, "word": "personnages", "title": false, "lemma": "personnage", "pos_tag": "NOUN"}, {"type_entity": "", "position": 316, "word": ",", "title": false, "lemma": ",", "pos_tag": "PUNCT"}, {"type_entity": "", "position": 318, "word": "regard", "title": false, "lemma": "regard", "pos_tag": "NOUN"}, {"type_entity": "", "position": 322, "word": "porte", "title": false, "lemma": "porter", "pos_tag": "VERB"}, {"type_entity": "", "position": 326, "word": "cesse", "title": false, "lemma": "cesser", "pos_tag": "VERB"}, {"type_entity": "", "position": 328, "word": "evoluer", "title": false, "lemma": "evoluer", "pos_tag": "VERB"}, {"type_entity": "MISC", "position": 330, "word": "Idem", "title": false, "lemma": "Idem", "pos_tag": "PROPN"}, {"type_entity": "", "position": 333, "word": "film", "title": false, "lemma": "film", "pos_tag": "NOUN"}, {"type_entity": "", "position": 335, "word": "Du", "title": false, "lemma": "Du", "pos_tag": "AUX"}, {"type_entity": "LOC", "position": 336, "word": "Harold_Pinter", "title": false, "lemma": "Harold_Pinter", "pos_tag": "VERB"}, {"type_entity": "", "position": 337, "word": "chez", "title": false, "lemma": "chez", "pos_tag": "ADP"}, {"type_entity": "", "position": 339, "word": "rednecks", "title": false, "lemma": "rednecks", "pos_tag": "NOUN"}, {"type_entity": "", "position": 340, "word": "revu", "title": false, "lemma": "revoir", "pos_tag": "VERB"}, {"type_entity": "PER", "position": 343, "word": "freres_Coen", "title": false, "lemma": "freres_Coen", "pos_tag": "PROPN"}, {"type_entity": "", "position": 344, "word": "(", "title": false, "lemma": "(", "pos_tag": "PUNCT"}, {"type_entity": "", "position": 345, "word": "ici", "title": false, "lemma": "ici", "pos_tag": "ADV"}, {"type_entity": "", "position": 346, "word": "producteurs", "title": false, "lemma": "producteur", "pos_tag": "NOUN"}, {"type_entity": "", "position": 347, "word": ")", "title": false, "lemma": ")", "pos_tag": "PUNCT"}, {"type_entity": "", "position": 353, "word": "ca", "title": false, "lemma": "ca", "pos_tag": "NOUN"}, {"type_entity": "PER", "position": 355, "word": "Nicolas_Schaller", "title": false, "lemma": "Nicolas_Schaller", "pos_tag": "VERB"}, {"type_entity": "", "position": 356, "word": "\"", "title": false, "lemma": "\"", "pos_tag": "PUNCT"}, {"type_entity": "MISC", "position": 357, "word": "La_Juste_Route", "title": false, "lemma": "La_Juste_Route", "pos_tag": "PROPN"}, {"type_entity": "", "position": 358, "word": "\"", "title": false, "lemma": "\"", "pos_tag": "PUNCT"}, {"type_entity": "PER", "position": 360, "word": "Ferenc_Torok", "title": false, "lemma": "Ferenc_Torok", "pos_tag": "PROPN"}, {"type_entity": "PER", "position": 362, "word": "Drame", "title": false, "lemma": "Drame", "pos_tag": "NOUN"}, {"type_entity": "", "position": 363, "word": "hongrois", "title": false, "lemma": "hongrois", "pos_tag": "NUM"}, {"type_entity": "", "position": 364, "word": ",", "title": false, "lemma": ",", "pos_tag": "PUNCT"}, {"type_entity": "PER", "position": 366, "word": "Peter_Rudolf", "title": false, "lemma": "Peter_Rudolf", "pos_tag": "NOUN"}, {"type_entity": "", "position": 367, "word": ",", "title": false, "lemma": ",", "pos_tag": "PUNCT"}, {"type_entity": "PER", "position": 368, "word": "Bence_Tasnadi", "title": false, "lemma": "Bence_Tasnadi", "pos_tag": "ADV"}, {"type_entity": "", "position": 369, "word": ",", "title": false, "lemma": ",", "pos_tag": "PUNCT"}, {"type_entity": "PER", "position": 370, "word": "Tamas_Szabo_Kimmel", "title": false, "lemma": "Tamas_Szabo_Kimmel", "pos_tag": "PROPN"}, {"type_entity": "", "position": 371, "word": "(", "title": false, "lemma": "(", "pos_tag": "PUNCT"}, {"type_entity": "", "position": 372, "word": "1h31", "title": false, "lemma": "1h31", "pos_tag": "NOUN"}, {"type_entity": "", "position": 373, "word": ")", "title": false, "lemma": ")", "pos_tag": "PUNCT"}, {"type_entity": "PER", "position": 375, "word": "Ferenc_Torok", "title": false, "lemma": "Ferenc_Torok", "pos_tag": "PROPN"}, {"type_entity": "", "position": 376, "word": ",", "title": false, "lemma": ",", "pos_tag": "PUNCT"}, {"type_entity": "", "position": 377, "word": "magistralement", "title": false, "lemma": "magistralement", "pos_tag": "ADV"}, {"type_entity": "", "position": 378, "word": ",", "title": false, "lemma": ",", "pos_tag": "PUNCT"}, {"type_entity": "", "position": 379, "word": "souligne", "title": false, "lemma": "souligner", "pos_tag": "VERB"}, {"type_entity": "", "position": 381, "word": "violence", "title": false, "lemma": "violence", "pos_tag": "NOUN"}, {"type_entity": "", "position": 382, "word": "secrete", "title": false, "lemma": "secrete", "pos_tag": "NOUN"}, {"type_entity": "", "position": 383, "word": ",", "title": false, "lemma": ",", "pos_tag": "PUNCT"}, {"type_entity": "", "position": 385, "word": "culpabilite", "title": false, "lemma": "culpabilite", "pos_tag": "NOUN"}, {"type_entity": "", "position": 386, "word": "rampante", "title": false, "lemma": "rampant", "pos_tag": "ADJ"}, {"type_entity": "", "position": 389, "word": "groupe", "title": false, "lemma": "grouper", "pos_tag": "NOUN"}, {"type_entity": "", "position": 390, "word": "social", "title": false, "lemma": "social", "pos_tag": "ADJ"}, {"type_entity": "", "position": 392, "word": "Pour", "title": false, "lemma": "Pour", "pos_tag": "ADP"}, {"type_entity": "", "position": 394, "word": "juifs", "title": false, "lemma": "juif", "pos_tag": "NOUN"}, {"type_entity": "", "position": 395, "word": ",", "title": false, "lemma": ",", "pos_tag": "PUNCT"}, {"type_entity": "", "position": 396, "word": "eternels", "title": false, "lemma": "eternels", "pos_tag": "ADJ"}, {"type_entity": "", "position": 397, "word": "errants", "title": false, "lemma": "errant", "pos_tag": "NOUN"}, {"type_entity": "", "position": 398, "word": ",", "title": false, "lemma": ",", "pos_tag": "PUNCT"}, {"type_entity": "", "position": 401, "word": "reste", "title": false, "lemma": "rester", "pos_tag": "VERB"}, {"type_entity": "", "position": 404, "word": "solution", "title": false, "lemma": "solution", "pos_tag": "NOUN"}, {"type_entity": "", "position": 405, "word": ":", "title": false, "lemma": ":", "pos_tag": "PUNCT"}, {"type_entity": "", "position": 407, "word": "route", "title": false, "lemma": "router", "pos_tag": "NOUN"}, {"type_entity": "PER", "position": 409, "word": "Fidele", "title": false, "lemma": "Fidele", "pos_tag": "NOUN"}, {"type_entity": "", "position": 412, "word": "titre", "title": false, "lemma": "titrer", "pos_tag": "NOUN"}, {"type_entity": "", "position": 413, "word": ",", "title": false, "lemma": ",", "pos_tag": "PUNCT"}, {"type_entity": "", "position": 415, "word": "film", "title": false, "lemma": "film", "pos_tag": "NOUN"}, {"type_entity": "", "position": 419, "word": "justesse", "title": false, "lemma": "justesse", "pos_tag": "NOUN"}, {"type_entity": "", "position": 422, "word": "fois", "title": false, "lemma": "foi", "pos_tag": "NOUN"}, {"type_entity": "", "position": 423, "word": "emouvante", "title": false, "lemma": "emouvante", "pos_tag": "ADJ"}, {"type_entity": "", "position": 425, "word": "enthousiasmante", "title": false, "lemma": "enthousiasmant", "pos_tag": "ADJ"}, {"type_entity": "PER", "position": 427, "word": "Francois_Forestier", "title": false, "lemma": "Francois_Forestier", "pos_tag": "NOUN"}, {"type_entity": "", "position": 428, "word": "\"", "title": false, "lemma": "\"", "pos_tag": "PUNCT"}, {"type_entity": "MISC", "position": 429, "word": "Last_Flag_Flying", "title": false, "lemma": "Last_Flag_Flying", "pos_tag": "PROPN"}, {"type_entity": "", "position": 430, "word": "\"", "title": false, "lemma": "\"", "pos_tag": "PUNCT"}, {"type_entity": "", "position": 431, "word": ",", "title": false, "lemma": ",", "pos_tag": "PUNCT"}, {"type_entity": "PER", "position": 433, "word": "Richard_Linklater", "title": false, "lemma": "Richard_Linklater", "pos_tag": "VERB"}, {"type_entity": "LOC", "position": 435, "word": "Comedie", "title": false, "lemma": "Comedie", "pos_tag": "NOUN"}, {"type_entity": "", "position": 436, "word": "dramatique", "title": false, "lemma": "dramatique", "pos_tag": "ADJ"}, {"type_entity": "", "position": 437, "word": "americaine", "title": false, "lemma": "americaine", "pos_tag": "NOUN"}, {"type_entity": "", "position": 438, "word": ",", "title": false, "lemma": ",", "pos_tag": "PUNCT"}, {"type_entity": "PER", "position": 440, "word": "Bryan_Cranston", "title": false, "lemma": "Bryan_Cranston", "pos_tag": "PROPN"}, {"type_entity": "", "position": 441, "word": ",", "title": false, "lemma": ",", "pos_tag": "PUNCT"}, {"type_entity": "PER", "position": 442, "word": "Steve_Carell", "title": false, "lemma": "Steve_Carell", "pos_tag": "NOUN"}, {"type_entity": "", "position": 443, "word": ",", "title": false, "lemma": ",", "pos_tag": "PUNCT"}, {"type_entity": "PER", "position": 444, "word": "Laurence_Fishburne", "title": false, "lemma": "Laurence_Fishburne", "pos_tag": "PROPN"}, {"type_entity": "", "position": 445, "word": "(", "title": false, "lemma": "(", "pos_tag": "PUNCT"}, {"type_entity": "", "position": 446, "word": "2h04", "title": false, "lemma": "2h04", "pos_tag": "NOUN"}, {"type_entity": "", "position": 447, "word": ")", "title": false, "lemma": ")", "pos_tag": "PUNCT"}, {"type_entity": "", "position": 449, "word": "Plus", "title": false, "lemma": "Plus", "pos_tag": "ADV"}, {"type_entity": "", "position": 450, "word": "long", "title": false, "lemma": "long", "pos_tag": "ADJ"}, {"type_entity": "", "position": 452, "word": "sage", "title": false, "lemma": "sage", "pos_tag": "VERB"}, {"type_entity": "", "position": 455, "word": "ancetre", "title": false, "lemma": "ancetre", "pos_tag": "NOUN"}, {"type_entity": "", "position": 456, "word": ",", "title": false, "lemma": ",", "pos_tag": "PUNCT"}, {"type_entity": "", "position": 458, "word": "road", "title": false, "lemma": "road", "pos_tag": "NOUN"}, {"type_entity": "", "position": 459, "word": "-", "title": false, "lemma": "-", "pos_tag": "PUNCT"}, {"type_entity": "", "position": 460, "word": "movie", "title": false, "lemma": "movie", "pos_tag": "NOUN"}, {"type_entity": "", "position": 464, "word": "temps", "title": false, "lemma": "temps", "pos_tag": "NOUN"}, {"type_entity": "", "position": 465, "word": "touche", "title": false, "lemma": "toucher", "pos_tag": "ADJ"}, {"type_entity": "", "position": 468, "word": "maniere", "title": false, "lemma": "maniere", "pos_tag": "NOUN"}, {"type_entity": "", "position": 469, "word": "simple", "title": false, "lemma": "simple", "pos_tag": "ADJ"}, {"type_entity": "", "position": 471, "word": "directe", "title": false, "lemma": "direct", "pos_tag": "VERB"}, {"type_entity": "", "position": 473, "word": "laquelle", "title": false, "lemma": "lequel", "pos_tag": "PRON"}, {"type_entity": "PER", "position": 474, "word": "Richard_Linklater", "title": false, "lemma": "Richard_Linklater", "pos_tag": "VERB"}, {"type_entity": "", "position": 475, "word": "(", "title": false, "lemma": "(", "pos_tag": "PUNCT"}, {"type_entity": "", "position": 476, "word": "\"", "title": false, "lemma": "\"", "pos_tag": "PUNCT"}, {"type_entity": "PER", "position": 477, "word": "Boyhood", "title": false, "lemma": "Boyhood", "pos_tag": "PROPN"}, {"type_entity": "", "position": 478, "word": "\"", "title": false, "lemma": "\"", "pos_tag": "PUNCT"}, {"type_entity": "", "position": 479, "word": ")", "title": false, "lemma": ")", "pos_tag": "PUNCT"}, {"type_entity": "", "position": 480, "word": "sonde", "title": false, "lemma": "sonder", "pos_tag": "ADJ"}, {"type_entity": "", "position": 482, "word": "psyche", "title": false, "lemma": "psyche", "pos_tag": "NOUN"}, {"type_entity": "", "position": 483, "word": "americaine", "title": false, "lemma": "americaine", "pos_tag": "ADJ"}, {"type_entity": "", "position": 484, "word": ",", "title": false, "lemma": ",", "pos_tag": "PUNCT"}, {"type_entity": "", "position": 486, "word": "grace", "title": false, "lemma": "grace", "pos_tag": "NOUN"}, {"type_entity": "", "position": 489, "word": "trio", "title": false, "lemma": "trio", "pos_tag": "NOUN"}, {"type_entity": "", "position": 491, "word": "acteurs", "title": false, "lemma": "acteur", "pos_tag": "NOUN"}, {"type_entity": "", "position": 492, "word": ":", "title": false, "lemma": ":", "pos_tag": "PUNCT"}, {"type_entity": "PER", "position": 493, "word": "Steve_Carell", "title": false, "lemma": "Steve_Carell", "pos_tag": "NOUN"}, {"type_entity": "", "position": 494, "word": ",", "title": false, "lemma": ",", "pos_tag": "PUNCT"}, {"type_entity": "", "position": 496, "word": "pere", "title": false, "lemma": "pere", "pos_tag": "NOUN"}, {"type_entity": "", "position": 497, "word": "muet", "title": false, "lemma": "muet", "pos_tag": "NOUN"}, {"type_entity": "", "position": 499, "word": "tristesse", "title": false, "lemma": "tristesse", "pos_tag": "NOUN"}, {"type_entity": "", "position": 500, "word": ",", "title": false, "lemma": ",", "pos_tag": "PUNCT"}, {"type_entity": "PER", "position": 501, "word": "Laurence_Fishburne", "title": false, "lemma": "Laurence_Fishburne", "pos_tag": "PROPN"}, {"type_entity": "", "position": 502, "word": ",", "title": false, "lemma": ",", "pos_tag": "PUNCT"}, {"type_entity": "", "position": 504, "word": "pasteur", "title": false, "lemma": "pasteur", "pos_tag": "NOUN"}, {"type_entity": "", "position": 505, "word": "placide", "title": false, "lemma": "placide", "pos_tag": "ADJ"}, {"type_entity": "", "position": 506, "word": ",", "title": false, "lemma": ",", "pos_tag": "PUNCT"}, {"type_entity": "PER", "position": 508, "word": "Bryan_Cranston", "title": false, "lemma": "Bryan_Cranston", "pos_tag": "PROPN"}, {"type_entity": "", "position": 509, "word": ",", "title": false, "lemma": ",", "pos_tag": "PUNCT"}, {"type_entity": "", "position": 511, "word": "barman", "title": false, "lemma": "barman", "pos_tag": "NOUN"}, {"type_entity": "", "position": 512, "word": "cynique", "title": false, "lemma": "cynique", "pos_tag": "ADJ"}, {"type_entity": "PER", "position": 514, "word": "Lequel", "title": false, "lemma": "Lequel", "pos_tag": "PRON"}, {"type_entity": "", "position": 515, "word": "assure", "title": false, "lemma": "assurer", "pos_tag": "VERB"}, {"type_entity": "", "position": 516, "word": "brillamment", "title": false, "lemma": "brillamment", "pos_tag": "NOUN"}, {"type_entity": "", "position": 518, "word": "show", "title": false, "lemma": "show", "pos_tag": "NOUN"}, {"type_entity": "PER", "position": 520, "word": "Nicolas_Schaller", "title": false, "lemma": "Nicolas_Schaller", "pos_tag": "VERB"}, {"type_entity": "", "position": 521, "word": "\"", "title": false, "lemma": "\"", "pos_tag": "PUNCT"}, {"type_entity": "MISC", "position": 522, "word": "Le_Rire_de_ma_mere", "title": false, "lemma": "Le_Rire_de_ma_mere", "pos_tag": "PROPN"}, {"type_entity": "", "position": 523, "word": "\"", "title": false, "lemma": "\"", "pos_tag": "PUNCT"}, {"type_entity": "", "position": 524, "word": ",", "title": false, "lemma": ",", "pos_tag": "PUNCT"}, {"type_entity": "PER", "position": 526, "word": "Colombe_Savignac", "title": false, "lemma": "Colombe_Savignac", "pos_tag": "NOUN"}, {"type_entity": "PER", "position": 528, "word": "Pascal_Ralite", "title": false, "lemma": "Pascal_Ralite", "pos_tag": "PROPN"}, {"type_entity": "LOC", "position": 530, "word": "Comedie", "title": false, "lemma": "Comedie", "pos_tag": "NOUN"}, {"type_entity": "", "position": 531, "word": "dramatique", "title": false, "lemma": "dramatique", "pos_tag": "ADJ"}, {"type_entity": "", "position": 532, "word": "francaise", "title": false, "lemma": "francaise", "pos_tag": "NOUN"}, {"type_entity": "", "position": 533, "word": ",", "title": false, "lemma": ",", "pos_tag": "PUNCT"}, {"type_entity": "PER", "position": 535, "word": "Suzanne_Clement", "title": false, "lemma": "Suzanne_Clement", "pos_tag": "ADV"}, {"type_entity": "", "position": 536, "word": ",", "title": false, "lemma": ",", "pos_tag": "PUNCT"}, {"type_entity": "PER", "position": 537, "word": "Igor_Van_Dessel", "title": false, "lemma": "Igor_Van_Dessel", "pos_tag": "PROPN"}, {"type_entity": "", "position": 538, "word": ",", "title": false, "lemma": ",", "pos_tag": "PUNCT"}, {"type_entity": "PER", "position": 539, "word": "Pascal_Demolon", "title": false, "lemma": "Pascal_Demolon", "pos_tag": "PROPN"}, {"type_entity": "", "position": 540, "word": "(", "title": false, "lemma": "(", "pos_tag": "PUNCT"}, {"type_entity": "", "position": 541, "word": "1h32", "title": false, "lemma": "1h32", "pos_tag": "NOUN"}, {"type_entity": "", "position": 542, "word": ")", "title": false, "lemma": ")", "pos_tag": "PUNCT"}, {"type_entity": "", "position": 545, "word": "equilibre", "title": false, "lemma": "equilibre", "pos_tag": "NOUN"}, {"type_entity": "", "position": 546, "word": "subtil", "title": false, "lemma": "subtil", "pos_tag": "VERB"}, {"type_entity": "", "position": 549, "word": "drame", "title": false, "lemma": "drame", "pos_tag": "NOUN"}, {"type_entity": "", "position": 552, "word": "comedie", "title": false, "lemma": "comedie", "pos_tag": "NOUN"}, {"type_entity": "", "position": 553, "word": "initiatique", "title": false, "lemma": "initiatique", "pos_tag": "ADJ"}, {"type_entity": "", "position": 555, "word": "ici", "title": false, "lemma": "ici", "pos_tag": "ADV"}, {"type_entity": "", "position": 557, "word": "carburant", "title": false, "lemma": "carburer", "pos_tag": "NOUN"}, {"type_entity": "", "position": 560, "word": "energie", "title": false, "lemma": "energie", "pos_tag": "NOUN"}, {"type_entity": "", "position": 562, "word": "vie", "title": false, "lemma": "vie", "pos_tag": "NOUN"}, {"type_entity": "", "position": 565, "word": "emotion", "title": false, "lemma": "emotion", "pos_tag": "NOUN"}, {"type_entity": "", "position": 566, "word": "relayee", "title": false, "lemma": "relayee", "pos_tag": "VERB"}, {"type_entity": "", "position": 569, "word": "irradiante", "title": false, "lemma": "irradiant", "pos_tag": "NOUN"}, {"type_entity": "PER", "position": 570, "word": "Suzanne_Clement", "title": false, "lemma": "Suzanne_Clement", "pos_tag": "ADV"}, {"type_entity": "", "position": 573, "word": "jeune", "title": false, "lemma": "jeune", "pos_tag": "ADJ"}, {"type_entity": "PER", "position": 574, "word": "Igor_Van_Dessel", "title": false, "lemma": "Igor_Van_Dessel", "pos_tag": "PROPN"}, {"type_entity": "", "position": 575, "word": "(", "title": false, "lemma": "(", "pos_tag": "PUNCT"}, {"type_entity": "", "position": 576, "word": "\"", "title": false, "lemma": "\"", "pos_tag": "PUNCT"}, {"type_entity": "ORG", "position": 578, "word": "Echange", "title": false, "lemma": "Echange", "pos_tag": "NOUN"}, {"type_entity": "", "position": 580, "word": "princesses", "title": false, "lemma": "prince", "pos_tag": "NOUN"}, {"type_entity": "", "position": 581, "word": "\"", "title": false, "lemma": "\"", "pos_tag": "PUNCT"}, {"type_entity": "", "position": 582, "word": ")", "title": false, "lemma": ")", "pos_tag": "PUNCT"}, {"type_entity": "", "position": 583, "word": ",", "title": false, "lemma": ",", "pos_tag": "PUNCT"}, {"type_entity": "", "position": 584, "word": "stupefiant", "title": false, "lemma": "stupefiant", "pos_tag": "VERB"}, {"type_entity": "", "position": 586, "word": "naturel", "title": false, "lemma": "naturel", "pos_tag": "NOUN"}, {"type_entity": "", "position": 589, "word": "maturite", "title": false, "lemma": "maturite", "pos_tag": "NOUN"}, {"type_entity": "", "position": 591, "word": "jeu", "title": false, "lemma": "jeu", "pos_tag": "NOUN"}, {"type_entity": "PER", "position": 593, "word": "Xavier_Leherpeur", "title": false, "lemma": "Xavier_Leherpeur", "pos_tag": "NOUN"}, {"type_entity": "", "position": 594, "word": "\"", "title": false, "lemma": "\"", "pos_tag": "PUNCT"}, {"type_entity": "", "position": 596, "word": "Enfant", "title": false, "lemma": "Enfant", "pos_tag": "NOUN"}, {"type_entity": "MISC", "position": 598, "word": "Goa", "title": false, "lemma": "Goa", "pos_tag": "PROPN"}, {"type_entity": "", "position": 599, "word": "\"", "title": false, "lemma": "\"", "pos_tag": "PUNCT"}, {"type_entity": "", "position": 600, "word": ",", "title": false, "lemma": ",", "pos_tag": "PUNCT"}, {"type_entity": "PER", "position": 602, "word": "Miransha_Naik", "title": false, "lemma": "Miransha_Naik", "pos_tag": "NOUN"}, {"type_entity": "PER", "position": 604, "word": "Drame", "title": false, "lemma": "Drame", "pos_tag": "NOUN"}, {"type_entity": "", "position": 605, "word": "social", "title": false, "lemma": "social", "pos_tag": "ADJ"}, {"type_entity": "", "position": 606, "word": "indien", "title": false, "lemma": "indien", "pos_tag": "ADJ"}, {"type_entity": "", "position": 607, "word": ",", "title": false, "lemma": ",", "pos_tag": "PUNCT"}, {"type_entity": "PER", "position": 609, "word": "Rushikesh_Naik", "title": false, "lemma": "Rushikesh_Naik", "pos_tag": "NOUN"}, {"type_entity": "", "position": 610, "word": ",", "title": false, "lemma": ",", "pos_tag": "PUNCT"}, {"type_entity": "PER", "position": 611, "word": "Sudesh_Bhise", "title": false, "lemma": "Sudesh_Bhise", "pos_tag": "ADJ"}, {"type_entity": "", "position": 612, "word": ",", "title": false, "lemma": ",", "pos_tag": "PUNCT"}, {"type_entity": "PER", "position": 613, "word": "Prashanti_Talpankar", "title": false, "lemma": "Prashanti_Talpankar", "pos_tag": "PROPN"}, {"type_entity": "", "position": 614, "word": "(", "title": false, "lemma": "(", "pos_tag": "PUNCT"}, {"type_entity": "", "position": 615, "word": "1h34", "title": false, "lemma": "1h34", "pos_tag": "NOUN"}, {"type_entity": "", "position": 616, "word": ")", "title": false, "lemma": ")", "pos_tag": "PUNCT"}, {"type_entity": "", "position": 620, "word": "fois", "title": false, "lemma": "foi", "pos_tag": "NOUN"}, {"type_entity": "", "position": 621, "word": "critique", "title": false, "lemma": "critiquer", "pos_tag": "ADJ"}, {"type_entity": "", "position": 622, "word": "sociale", "title": false, "lemma": "social", "pos_tag": "ADJ"}, {"type_entity": "", "position": 624, "word": "aventure", "title": false, "lemma": "aventurer", "pos_tag": "NOUN"}, {"type_entity": "", "position": 625, "word": "individuelle", "title": false, "lemma": "individuel", "pos_tag": "ADJ"}, {"type_entity": "", "position": 626, "word": ",", "title": false, "lemma": ",", "pos_tag": "PUNCT"}, {"type_entity": "", "position": 628, "word": "premier", "title": false, "lemma": "premier", "pos_tag": "ADJ"}, {"type_entity": "", "position": 629, "word": "film", "title": false, "lemma": "film", "pos_tag": "NOUN"}, {"type_entity": "PER", "position": 631, "word": "Miransha_Naik", "title": false, "lemma": "Miransha_Naik", "pos_tag": "NOUN"}, {"type_entity": "", "position": 633, "word": "fonde", "title": false, "lemma": "fondre", "pos_tag": "VERB"}, {"type_entity": "", "position": 636, "word": "histoire", "title": false, "lemma": "histoire", "pos_tag": "NOUN"}, {"type_entity": "", "position": 637, "word": "authentique", "title": false, "lemma": "authentiquer", "pos_tag": "ADJ"}, {"type_entity": "PER", "position": 639, "word": "Acteurs", "title": false, "lemma": "Acteurs", "pos_tag": "NOUN"}, {"type_entity": "", "position": 641, "word": "professionnels", "title": false, "lemma": "professionnel", "pos_tag": "ADJ"}, {"type_entity": "", "position": 642, "word": ",", "title": false, "lemma": ",", "pos_tag": "PUNCT"}, {"type_entity": "", "position": 643, "word": "decors", "title": false, "lemma": "decors", "pos_tag": "ADV"}, {"type_entity": "", "position": 644, "word": "naturels", "title": false, "lemma": "naturel", "pos_tag": "ADJ"}, {"type_entity": "", "position": 645, "word": ",", "title": false, "lemma": ",", "pos_tag": "PUNCT"}, {"type_entity": "", "position": 646, "word": "volonte", "title": false, "lemma": "volonte", "pos_tag": "ADJ"}, {"type_entity": "", "position": 648, "word": "denoncer", "title": false, "lemma": "denoncer", "pos_tag": "NOUN"}, {"type_entity": "", "position": 650, "word": "arbitraire", "title": false, "lemma": "arbitraire", "pos_tag": "VERB"}, {"type_entity": "", "position": 652, "word": "slumlords", "title": false, "lemma": "slumlords", "pos_tag": "NOUN"}, {"type_entity": "", "position": 653, "word": "indiens", "title": false, "lemma": "indien", "pos_tag": "ADJ"}, {"type_entity": "", "position": 660, "word": "fois", "title": false, "lemma": "foi", "pos_tag": "NOUN"}, {"type_entity": "", "position": 662, "word": "film", "title": false, "lemma": "film", "pos_tag": "NOUN"}, {"type_entity": "", "position": 664, "word": "combat", "title": false, "lemma": "combattre", "pos_tag": "NOUN"}, {"type_entity": "", "position": 667, "word": "tentative", "title": false, "lemma": "tentative", "pos_tag": "NOUN"}, {"type_entity": "", "position": 668, "word": "artistique", "title": false, "lemma": "artistique", "pos_tag": "ADJ"}, {"type_entity": "", "position": 669, "word": ":", "title": false, "lemma": ":", "pos_tag": "PUNCT"}, {"type_entity": "", "position": 671, "word": "mix", "title": false, "lemma": "mix", "pos_tag": "NOUN"}, {"type_entity": "", "position": 672, "word": ",", "title": false, "lemma": ",", "pos_tag": "PUNCT"}, {"type_entity": "", "position": 675, "word": "abouti", "title": false, "lemma": "aboutir", "pos_tag": "VERB"}, {"type_entity": "", "position": 676, "word": ",", "title": false, "lemma": ",", "pos_tag": "PUNCT"}, {"type_entity": "", "position": 678, "word": "touchant", "title": false, "lemma": "toucher", "pos_tag": "VERB"}, {"type_entity": "PER", "position": 680, "word": "Francois_Forestier", "title": false, "lemma": "Francois_Forestier", "pos_tag": "NOUN"}, {"type_entity": "", "position": 681, "word": "\"", "title": false, "lemma": "\"", "pos_tag": "PUNCT"}, {"type_entity": "", "position": 682, "word": "Enquete", "title": false, "lemma": "Enquete", "pos_tag": "NOUN"}, {"type_entity": "", "position": 684, "word": "paradis", "title": false, "lemma": "paradis", "pos_tag": "NOUN"}, {"type_entity": "", "position": 685, "word": "\"", "title": false, "lemma": "\"", "pos_tag": "PUNCT"}, {"type_entity": "", "position": 686, "word": ",", "title": false, "lemma": ",", "pos_tag": "PUNCT"}, {"type_entity": "PER", "position": 688, "word": "Merzak_Allouache", "title": false, "lemma": "Merzak_Allouache", "pos_tag": "NOUN"}, {"type_entity": "", "position": 690, "word": "Documentaire", "title": false, "lemma": "Documentaire", "pos_tag": "ADJ"}, {"type_entity": "", "position": 691, "word": "algerien", "title": false, "lemma": "algerien", "pos_tag": "NOUN"}, {"type_entity": "", "position": 692, "word": ",", "title": false, "lemma": ",", "pos_tag": "PUNCT"}, {"type_entity": "PER", "position": 694, "word": "Salima_Abada", "title": false, "lemma": "Salima_Abada", "pos_tag": "PROPN"}, {"type_entity": "", "position": 695, "word": ",", "title": false, "lemma": ",", "pos_tag": "PUNCT"}, {"type_entity": "PER", "position": 696, "word": "Younes_Sabeur", "title": false, "lemma": "Younes_Sabeur", "pos_tag": "PROPN"}, {"type_entity": "", "position": 697, "word": ",", "title": false, "lemma": ",", "pos_tag": "PUNCT"}, {"type_entity": "PER", "position": 698, "word": "Aida_Kechoud", "title": false, "lemma": "Aida_Kechoud", "pos_tag": "PROPN"}, {"type_entity": "", "position": 699, "word": "(", "title": false, "lemma": "(", "pos_tag": "PUNCT"}, {"type_entity": "", "position": 700, "word": "2h15", "title": false, "lemma": "2h15", "pos_tag": "PRON"}, {"type_entity": "", "position": 701, "word": ")", "title": false, "lemma": ")", "pos_tag": "PUNCT"}, {"type_entity": "", "position": 703, "word": "Un", "title": false, "lemma": "Un", "pos_tag": "DET"}, {"type_entity": "", "position": 704, "word": "vrai", "title": false, "lemma": "vrai", "pos_tag": "ADJ"}, {"type_entity": "", "position": 705, "word": "faux", "title": false, "lemma": "faillir", "pos_tag": "ADJ"}, {"type_entity": "", "position": 706, "word": "doc", "title": false, "lemma": "doc", "pos_tag": "AUX"}, {"type_entity": "", "position": 707, "word": "porte", "title": false, "lemma": "porter", "pos_tag": "VERB"}, {"type_entity": "", "position": 710, "word": "preoccupation", "title": false, "lemma": "preoccupation", "pos_tag": "NOUN"}, {"type_entity": "", "position": 711, "word": "sociale", "title": false, "lemma": "social", "pos_tag": "ADJ"}, {"type_entity": "", "position": 714, "word": "auteur", "title": false, "lemma": "auteur", "pos_tag": "NOUN"}, {"type_entity": "", "position": 716, "word": "\"", "title": false, "lemma": "\"", "pos_tag": "PUNCT"}, {"type_entity": "PER", "position": 717, "word": "Repenti", "title": false, "lemma": "Repenti", "pos_tag": "PROPN"}, {"type_entity": "", "position": 718, "word": "\"", "title": false, "lemma": "\"", "pos_tag": "PUNCT"}, {"type_entity": "", "position": 719, "word": ",", "title": false, "lemma": ",", "pos_tag": "PUNCT"}, {"type_entity": "", "position": 720, "word": "inquietant", "title": false, "lemma": "inquietant", "pos_tag": "VERB"}, {"type_entity": "", "position": 723, "word": "constat", "title": false, "lemma": "constat", "pos_tag": "NOUN"}, {"type_entity": "", "position": 725, "word": "souvent", "title": false, "lemma": "souvent", "pos_tag": "ADV"}, {"type_entity": "", "position": 726, "word": "drole", "title": false, "lemma": "drole", "pos_tag": "ADJ"}, {"type_entity": "", "position": 729, "word": "desarroi", "title": false, "lemma": "desarroi", "pos_tag": "NOUN"}, {"type_entity": "", "position": 731, "word": "Un", "title": false, "lemma": "Un", "pos_tag": "DET"}, {"type_entity": "", "position": 733, "word": "long", "title": false, "lemma": "long", "pos_tag": "ADJ"}, {"type_entity": "", "position": 734, "word": ",", "title": false, "lemma": ",", "pos_tag": "PUNCT"}, {"type_entity": "", "position": 736, "word": "narquois", "title": false, "lemma": "narquois", "pos_tag": "ADV"}, {"type_entity": "", "position": 737, "word": ",", "title": false, "lemma": ",", "pos_tag": "PUNCT"}, {"type_entity": "", "position": 738, "word": "incisif", "title": false, "lemma": "incisif", "pos_tag": "PRON"}, {"type_entity": "", "position": 740, "word": "provocateur", "title": false, "lemma": "provocateur", "pos_tag": "NOUN"}, {"type_entity": "", "position": 742, "word": "Un", "title": false, "lemma": "Un", "pos_tag": "DET"}, {"type_entity": "", "position": 743, "word": "salutaire", "title": false, "lemma": "salutaire", "pos_tag": "NOUN"}, {"type_entity": "", "position": 744, "word": "coup", "title": false, "lemma": "coup", "pos_tag": "NOUN"}, {"type_entity": "", "position": 746, "word": "pied", "title": false, "lemma": "pied", "pos_tag": "NOUN"}, {"type_entity": "", "position": 749, "word": "fourmiliere", "title": false, "lemma": "fourmiliere", "pos_tag": "NOUN"}, {"type_entity": "", "position": 752, "word": "patriarcat", "title": false, "lemma": "patriarcat", "pos_tag": "NOUN"}, {"type_entity": "", "position": 753, "word": "culturel", "title": false, "lemma": "culturel", "pos_tag": "ADJ"}, {"type_entity": "LOC", "position": 755, "word": "Biyouna", "title": false, "lemma": "Biyouna", "pos_tag": "PROPN"}, {"type_entity": "", "position": 756, "word": ",", "title": false, "lemma": ",", "pos_tag": "PUNCT"}, {"type_entity": "", "position": 757, "word": "interviewee", "title": false, "lemma": "interviewee", "pos_tag": "NOUN"}, {"type_entity": "", "position": 758, "word": ",", "title": false, "lemma": ",", "pos_tag": "PUNCT"}, {"type_entity": "", "position": 759, "word": "resume", "title": false, "lemma": "resume", "pos_tag": "NOUN"}, {"type_entity": "", "position": 761, "word": ":", "title": false, "lemma": ":", "pos_tag": "PUNCT"}, {"type_entity": "", "position": 762, "word": "\"", "title": false, "lemma": "\"", "pos_tag": "PUNCT"}, {"type_entity": "", "position": 763, "word": "Dans", "title": false, "lemma": "Dans", "pos_tag": "ADP"}, {"type_entity": "", "position": 765, "word": "vie", "title": false, "lemma": "vie", "pos_tag": "NOUN"}, {"type_entity": "", "position": 767, "word": "galerent", "title": false, "lemma": "galerent", "pos_tag": "VERB"}, {"type_entity": "", "position": 770, "word": "seule", "title": false, "lemma": "seul", "pos_tag": "ADJ"}, {"type_entity": "", "position": 771, "word": ",", "title": false, "lemma": ",", "pos_tag": "PUNCT"}, {"type_entity": "", "position": 774, "word": "-", "title": false, "lemma": "-", "pos_tag": "PUNCT"}, {"type_entity": "", "position": 775, "word": "bas", "title": false, "lemma": "bas", "pos_tag": "ADJ"}, {"type_entity": "", "position": 778, "word": "veulent", "title": false, "lemma": "vouloir", "pos_tag": "NUM"}, {"type_entity": "", "position": 779, "word": "soixante-douze", "title": false, "lemma": "soixante-douze", "pos_tag": "NOUN"}, {"type_entity": "", "position": 781, "word": "\"", "title": false, "lemma": "\"", "pos_tag": "PUNCT"}, {"type_entity": "", "position": 782, "word": "Tout", "title": false, "lemma": "Tout", "pos_tag": "ADJ"}, {"type_entity": "PER", "position": 786, "word": "Xavier_Leherpeur", "title": false, "lemma": "Xavier_Leherpeur", "pos_tag": "NOUN"}, {"type_entity": "", "position": 787, "word": "\"", "title": false, "lemma": "\"", "pos_tag": "PUNCT"}, {"type_entity": "LOC", "position": 789, "word": "Surface", "title": false, "lemma": "Surface", "pos_tag": "PROPN"}, {"type_entity": "", "position": 791, "word": "reparation", "title": false, "lemma": "reparation", "pos_tag": "NOUN"}, {"type_entity": "", "position": 792, "word": "\"", "title": false, "lemma": "\"", "pos_tag": "PUNCT"}, {"type_entity": "", "position": 793, "word": ",", "title": false, "lemma": ",", "pos_tag": "PUNCT"}, {"type_entity": "PER", "position": 795, "word": "Christophe_Regin", "title": false, "lemma": "Christophe_Regin", "pos_tag": "NOUN"}, {"type_entity": "LOC", "position": 797, "word": "Comedie", "title": false, "lemma": "Comedie", "pos_tag": "NOUN"}, {"type_entity": "", "position": 798, "word": "dramatique", "title": false, "lemma": "dramatique", "pos_tag": "ADJ"}, {"type_entity": "", "position": 799, "word": "francaise", "title": false, "lemma": "francaise", "pos_tag": "NOUN"}, {"type_entity": "", "position": 800, "word": ",", "title": false, "lemma": ",", "pos_tag": "PUNCT"}, {"type_entity": "PER", "position": 802, "word": "Franck_Gastambide", "title": false, "lemma": "Franck_Gastambide", "pos_tag": "NOUN"}, {"type_entity": "", "position": 803, "word": ",", "title": false, "lemma": ",", "pos_tag": "PUNCT"}, {"type_entity": "PER", "position": 804, "word": "Alice_Isaaz", "title": false, "lemma": "Alice_Isaaz", "pos_tag": "PROPN"}, {"type_entity": "", "position": 805, "word": ",", "title": false, "lemma": ",", "pos_tag": "PUNCT"}, {"type_entity": "PER", "position": 806, "word": "Hippolyte_Girardot", "title": false, "lemma": "Hippolyte_Girardot", "pos_tag": "PROPN"}, {"type_entity": "", "position": 807, "word": "(", "title": false, "lemma": "(", "pos_tag": "PUNCT"}, {"type_entity": "", "position": 808, "word": "1h34", "title": false, "lemma": "1h34", "pos_tag": "NOUN"}, {"type_entity": "", "position": 809, "word": ")", "title": false, "lemma": ")", "pos_tag": "PUNCT"}, {"type_entity": "", "position": 814, "word": "titre", "title": false, "lemma": "titrer", "pos_tag": "NOUN"}, {"type_entity": "", "position": 815, "word": ",", "title": false, "lemma": ",", "pos_tag": "PUNCT"}, {"type_entity": "", "position": 816, "word": "beau", "title": false, "lemma": "beau", "pos_tag": "NOUN"}, {"type_entity": "", "position": 817, "word": "double", "title": false, "lemma": "doubler", "pos_tag": "ADJ"}, {"type_entity": "", "position": 818, "word": "sens", "title": false, "lemma": "sentir", "pos_tag": "ADJ"}, {"type_entity": "", "position": 821, "word": "rencontre", "title": false, "lemma": "rencontrer", "pos_tag": "NOUN"}, {"type_entity": "", "position": 824, "word": "solitudes", "title": false, "lemma": "solitude", "pos_tag": "NOUN"}, {"type_entity": "PER", "position": 826, "word": "Franck_Gastambide", "title": false, "lemma": "Franck_Gastambide", "pos_tag": "ADJ"}, {"type_entity": "PER", "position": 828, "word": "Alice_Isaaz", "title": false, "lemma": "Alice_Isaaz", "pos_tag": "PROPN"}, {"type_entity": "", "position": 829, "word": "collent", "title": false, "lemma": "coller", "pos_tag": "VERB"}, {"type_entity": "", "position": 832, "word": "personnages", "title": false, "lemma": "personnage", "pos_tag": "NOUN"}, {"type_entity": "", "position": 833, "word": ",", "title": false, "lemma": ",", "pos_tag": "PUNCT"}, {"type_entity": "", "position": 835, "word": "peinture", "title": false, "lemma": "peinture", "pos_tag": "NOUN"}, {"type_entity": "", "position": 837, "word": "club", "title": false, "lemma": "club", "pos_tag": "NOUN"}, {"type_entity": "", "position": 839, "word": "province", "title": false, "lemma": "province", "pos_tag": "NOUN"}, {"type_entity": "", "position": 843, "word": "coulisses", "title": false, "lemma": "coulisser", "pos_tag": "NOUN"}, {"type_entity": "", "position": 845, "word": "tres", "title": false, "lemma": "tres", "pos_tag": "ADJ"}, {"type_entity": "", "position": 846, "word": "convaincante", "title": false, "lemma": "convaincant", "pos_tag": "ADJ"}, {"type_entity": "", "position": 847, "word": ",", "title": false, "lemma": ",", "pos_tag": "PUNCT"}, {"type_entity": "", "position": 850, "word": "manque", "title": false, "lemma": "manquer", "pos_tag": "VERB"}, {"type_entity": "", "position": 852, "word": "regard", "title": false, "lemma": "regard", "pos_tag": "NOUN"}, {"type_entity": "", "position": 853, "word": ",", "title": false, "lemma": ",", "pos_tag": "PUNCT"}, {"type_entity": "", "position": 855, "word": "je-ne-sais-quoi", "title": false, "lemma": "je-ne-sais-quoi", "pos_tag": "NOUN"}, {"type_entity": "", "position": 857, "word": "distingue", "title": false, "lemma": "distinguer", "pos_tag": "VERB"}, {"type_entity": "", "position": 859, "word": "travail", "title": false, "lemma": "travail", "pos_tag": "NOUN"}, {"type_entity": "", "position": 863, "word": "film", "title": false, "lemma": "film", "pos_tag": "NOUN"}, {"type_entity": "", "position": 864, "word": "reussi", "title": false, "lemma": "reussi", "pos_tag": "ADV"}, {"type_entity": "PER", "position": 866, "word": "Nicolas_Schaller", "title": false, "lemma": "Nicolas_Schaller", "pos_tag": "VERB"}, {"type_entity": "", "position": 867, "word": "\"", "title": false, "lemma": "\"", "pos_tag": "PUNCT"}, {"type_entity": "", "position": 868, "word": "The", "title": false, "lemma": "The", "pos_tag": "X"}, {"type_entity": "", "position": 869, "word": "Last", "title": false, "lemma": "Last", "pos_tag": "X"}, {"type_entity": "", "position": 870, "word": "Family", "title": false, "lemma": "Family", "pos_tag": "PROPN"}, {"type_entity": "", "position": 871, "word": "\"", "title": false, "lemma": "\"", "pos_tag": "PUNCT"}, {"type_entity": "", "position": 872, "word": ",", "title": false, "lemma": ",", "pos_tag": "PUNCT"}, {"type_entity": "PER", "position": 874, "word": "Jan_P._Matuszynski", "title": false, "lemma": "Jan_P._Matuszynski", "pos_tag": "PROPN"}, {"type_entity": "LOC", "position": 876, "word": "Comedie", "title": false, "lemma": "Comedie", "pos_tag": "NOUN"}, {"type_entity": "", "position": 877, "word": "dramatique", "title": false, "lemma": "dramatique", "pos_tag": "ADJ"}, {"type_entity": "", "position": 878, "word": "polonaise", "title": false, "lemma": "polonais", "pos_tag": "NOUN"}, {"type_entity": "", "position": 879, "word": ",", "title": false, "lemma": ",", "pos_tag": "PUNCT"}, {"type_entity": "PER", "position": 881, "word": "Andrzej_Seweryn", "title": false, "lemma": "Andrzej_Seweryn", "pos_tag": "PROPN"}, {"type_entity": "", "position": 882, "word": ",", "title": false, "lemma": ",", "pos_tag": "PUNCT"}, {"type_entity": "PER", "position": 883, "word": "Dawid_Ogrodnik", "title": false, "lemma": "Dawid_Ogrodnik", "pos_tag": "PROPN"}, {"type_entity": "", "position": 884, "word": ",", "title": false, "lemma": ",", "pos_tag": "PUNCT"}, {"type_entity": "PER", "position": 885, "word": "Andrzej_Chyra", "title": false, "lemma": "Andrzej_Chyra", "pos_tag": "NOUN"}, {"type_entity": "", "position": 886, "word": "(", "title": false, "lemma": "(", "pos_tag": "PUNCT"}, {"type_entity": "", "position": 887, "word": "2h03", "title": false, "lemma": "2h03", "pos_tag": "NOUN"}, {"type_entity": "", "position": 888, "word": ")", "title": false, "lemma": ")", "pos_tag": "PUNCT"}, {"type_entity": "", "position": 890, "word": "On", "title": false, "lemma": "On", "pos_tag": "PRON"}, {"type_entity": "", "position": 891, "word": "voit", "title": false, "lemma": "voir", "pos_tag": "VERB"}, {"type_entity": "", "position": 896, "word": "interesse", "title": false, "lemma": "interesse", "pos_tag": "VERB"}, {"type_entity": "PER", "position": 897, "word": "Jan_P._Matuszynski", "title": false, "lemma": "Jan_P._Matuszynski", "pos_tag": "PROPN"}, {"type_entity": "", "position": 900, "word": "premier", "title": false, "lemma": "premier", "pos_tag": "ADJ"}, {"type_entity": "", "position": 901, "word": "film", "title": false, "lemma": "film", "pos_tag": "NOUN"}, {"type_entity": "", "position": 902, "word": ":", "title": false, "lemma": ":", "pos_tag": "PUNCT"}, {"type_entity": "", "position": 904, "word": "dinguerie", "title": false, "lemma": "dinguerie", "pos_tag": "NOUN"}, {"type_entity": "", "position": 907, "word": "famille", "title": false, "lemma": "famille", "pos_tag": "NOUN"}, {"type_entity": "", "position": 908, "word": "hors", "title": false, "lemma": "hors", "pos_tag": "ADP"}, {"type_entity": "", "position": 909, "word": "norme", "title": false, "lemma": "norme", "pos_tag": "NOUN"}, {"type_entity": "", "position": 913, "word": "film", "title": false, "lemma": "film", "pos_tag": "NOUN"}, {"type_entity": "", "position": 914, "word": "sent", "title": false, "lemma": "sentir", "pos_tag": "ADJ"}, {"type_entity": "", "position": 916, "word": "huile", "title": false, "lemma": "huiler", "pos_tag": "NOUN"}, {"type_entity": "", "position": 918, "word": "coude", "title": false, "lemma": "coude", "pos_tag": "NOUN"}, {"type_entity": "", "position": 921, "word": "chou", "title": false, "lemma": "chou", "pos_tag": "NOUN"}, {"type_entity": "", "position": 923, "word": "Tout", "title": false, "lemma": "Tout", "pos_tag": "ADJ"}, {"type_entity": "", "position": 925, "word": "sinistre", "title": false, "lemma": "sinistre", "pos_tag": "ADJ"}, {"type_entity": "", "position": 926, "word": ",", "title": false, "lemma": ",", "pos_tag": "PUNCT"}, {"type_entity": "", "position": 927, "word": "meme", "title": false, "lemma": "meme", "pos_tag": "VERB"}, {"type_entity": "", "position": 929, "word": "scenes", "title": false, "lemma": "scenes", "pos_tag": "NOUN"}, {"type_entity": "", "position": 930, "word": "droles", "title": false, "lemma": "droles", "pos_tag": "ADJ"}, {"type_entity": "", "position": 932, "word": "Pourquoi", "title": false, "lemma": "Pourquoi", "pos_tag": "ADV"}, {"type_entity": "", "position": 933, "word": "voir", "title": true, "lemma": "voir", "pos_tag": "VERB"}, {"type_entity": "", "position": 935, "word": "film", "title": false, "lemma": "film", "pos_tag": "NOUN"}, {"type_entity": "", "position": 938, "word": "heures", "title": false, "lemma": "heure", "pos_tag": "NOUN"}, {"type_entity": "", "position": 941, "word": "personnages", "title": false, "lemma": "personnage", "pos_tag": "NOUN"}, {"type_entity": "", "position": 942, "word": "glauquissimes", "title": false, "lemma": "glauquissimes", "pos_tag": "ADJ"}, {"type_entity": "PER", "position": 944, "word": "Francois_Forestier", "title": false, "lemma": "Francois_Forestier", "pos_tag": "NOUN"}, {"type_entity": "", "position": 945, "word": "\"", "title": false, "lemma": "\"", "pos_tag": "PUNCT"}, {"type_entity": "ORG", "position": 946, "word": "Winter_War", "title": false, "lemma": "Winter_War", "pos_tag": "ADP"}, {"type_entity": "", "position": 947, "word": "\"", "title": false, "lemma": "\"", "pos_tag": "PUNCT"}, {"type_entity": "", "position": 948, "word": ",", "title": false, "lemma": ",", "pos_tag": "PUNCT"}, {"type_entity": "PER", "position": 950, "word": "David_Aboucaya", "title": false, "lemma": "David_Aboucaya", "pos_tag": "NOUN"}, {"type_entity": "PER", "position": 952, "word": "Drame", "title": false, "lemma": "Drame", "pos_tag": "NOUN"}, {"type_entity": "", "position": 953, "word": "historique", "title": false, "lemma": "historique", "pos_tag": "NOUN"}, {"type_entity": "", "position": 954, "word": "francais", "title": false, "lemma": "francais", "pos_tag": "ADJ"}, {"type_entity": "", "position": 955, "word": ",", "title": false, "lemma": ",", "pos_tag": "PUNCT"}, {"type_entity": "PER", "position": 957, "word": "Manuel_Goncalves", "title": false, "lemma": "Manuel_Goncalves", "pos_tag": "PROPN"}, {"type_entity": "", "position": 958, "word": ",", "title": false, "lemma": ",", "pos_tag": "PUNCT"}, {"type_entity": "PER", "position": 959, "word": "Laurent_Guiot", "title": false, "lemma": "Laurent_Guiot", "pos_tag": "PROPN"}, {"type_entity": "", "position": 960, "word": ",", "title": false, "lemma": ",", "pos_tag": "PUNCT"}, {"type_entity": "PER", "position": 961, "word": "Laurent_Cerulli", "title": false, "lemma": "Laurent_Cerulli", "pos_tag": "PROPN"}, {"type_entity": "", "position": 962, "word": "(", "title": false, "lemma": "(", "pos_tag": "PUNCT"}, {"type_entity": "", "position": 963, "word": "2h20", "title": false, "lemma": "2h20", "pos_tag": "NOUN"}, {"type_entity": "", "position": 964, "word": ")", "title": false, "lemma": ")", "pos_tag": "PUNCT"}, {"type_entity": "", "position": 968, "word": "courage", "title": false, "lemma": "courage", "pos_tag": "NOUN"}, {"type_entity": "", "position": 970, "word": "suffit", "title": false, "lemma": "suffire", "pos_tag": "VERB"}, {"type_entity": "", "position": 973, "word": "pallier", "title": false, "lemma": "pallier", "pos_tag": "VERB"}, {"type_entity": "", "position": 975, "word": "deficit", "title": false, "lemma": "deficit", "pos_tag": "NOUN"}, {"type_entity": "", "position": 977, "word": "souffle", "title": false, "lemma": "souffler", "pos_tag": "PUNCT"}, {"type_entity": "", "position": 980, "word": "originalite", "title": false, "lemma": "originalite", "pos_tag": "NOUN"}, {"type_entity": "", "position": 983, "word": "comediens", "title": false, "lemma": "comediens", "pos_tag": "NOUN"}, {"type_entity": "", "position": 984, "word": "declament", "title": false, "lemma": "declament", "pos_tag": "VERB"}, {"type_entity": "", "position": 987, "word": "serieux", "title": false, "lemma": "serieux", "pos_tag": "ADJ"}, {"type_entity": "", "position": 989, "word": "prete", "title": false, "lemma": "prete", "pos_tag": "PRON"}, {"type_entity": "", "position": 991, "word": "sourire", "title": false, "lemma": "sourire", "pos_tag": "VERB"}, {"type_entity": "", "position": 993, "word": "dialogues", "title": false, "lemma": "dialoguer", "pos_tag": "NOUN"}, {"type_entity": "", "position": 994, "word": "pesamment", "title": false, "lemma": "pesamment", "pos_tag": "ADV"}, {"type_entity": "", "position": 995, "word": "pedagogiques", "title": false, "lemma": "pedagogiques", "pos_tag": "ADJ"}, {"type_entity": "", "position": 998, "word": "scenario", "title": false, "lemma": "scenario", "pos_tag": "NOUN"}, {"type_entity": "", "position": 999, "word": ",", "title": false, "lemma": ",", "pos_tag": "PUNCT"}, {"type_entity": "", "position": 1000, "word": "nourri", "title": false, "lemma": "nourrir", "pos_tag": "VERB"}, {"type_entity": "", "position": 1002, "word": "cliches", "title": false, "lemma": "clicher", "pos_tag": "NOUN"}, {"type_entity": "", "position": 1003, "word": "(", "title": false, "lemma": "(", "pos_tag": "PUNCT"}, {"type_entity": "", "position": 1004, "word": "suite", "title": false, "lemma": "suite", "pos_tag": "NOUN"}, {"type_entity": "", "position": 1006, "word": "fin", "title": false, "lemma": "fin", "pos_tag": "NOUN"}, {"type_entity": "", "position": 1008, "word": "agonies", "title": false, "lemma": "agonir", "pos_tag": "NOUN"}, {"type_entity": "", "position": 1010, "word": "fond", "title": false, "lemma": "fondre", "pos_tag": "NOUN"}, {"type_entity": "", "position": 1012, "word": "musique", "title": false, "lemma": "musiquer", "pos_tag": "ADJ"}, {"type_entity": "", "position": 1013, "word": "martiale", "title": false, "lemma": "martial", "pos_tag": "ADJ"}, {"type_entity": "", "position": 1014, "word": ")", "title": false, "lemma": ")", "pos_tag": "PUNCT"}, {"type_entity": "", "position": 1015, "word": ",", "title": false, "lemma": ",", "pos_tag": "PUNCT"}, {"type_entity": "", "position": 1020, "word": "succession", "title": false, "lemma": "succession", "pos_tag": "NOUN"}, {"type_entity": "", "position": 1022, "word": "scenes", "title": false, "lemma": "scenes", "pos_tag": "NOUN"}, {"type_entity": "", "position": 1024, "word": "assaut", "title": false, "lemma": "assaut", "pos_tag": "VERB"}, {"type_entity": "", "position": 1025, "word": "filmees", "title": false, "lemma": "filmees", "pos_tag": "VERB"}, {"type_entity": "", "position": 1028, "word": "camera", "title": false, "lemma": "camer", "pos_tag": "VERB"}, {"type_entity": "", "position": 1031, "word": "epaule", "title": false, "lemma": "epaule", "pos_tag": "VERB"}, {"type_entity": "", "position": 1033, "word": "ambitionne", "title": false, "lemma": "ambitionner", "pos_tag": "VERB"}, {"type_entity": "", "position": 1035, "word": "donner", "title": false, "lemma": "donner", "pos_tag": "VERB"}, {"type_entity": "", "position": 1037, "word": "illusion", "title": false, "lemma": "illusion", "pos_tag": "NOUN"}, {"type_entity": "", "position": 1040, "word": "immersion", "title": false, "lemma": "immersion", "pos_tag": "NOUN"}, {"type_entity": "", "position": 1041, "word": ",", "title": false, "lemma": ",", "pos_tag": "PUNCT"}, {"type_entity": "", "position": 1044, "word": "seme", "title": false, "lemma": "seme", "pos_tag": "VERB"}, {"type_entity": "", "position": 1047, "word": "confusion", "title": false, "lemma": "confusion", "pos_tag": "NOUN"}, {"type_entity": "PER", "position": 1049, "word": "Xavier_Leherpeur", "title": false, "lemma": "Xavier_Leherpeur", "pos_tag": "NOUN"}, {"type_entity": "", "position": 1050, "word": "\"", "title": false, "lemma": "\"", "pos_tag": "PUNCT"}, {"type_entity": "PER", "position": 1051, "word": "Ami", "title": false, "lemma": "Ami", "pos_tag": "PROPN"}, {"type_entity": "", "position": 1052, "word": "-", "title": false, "lemma": "-", "pos_tag": "PUNCT"}, {"type_entity": "PER", "position": 1053, "word": "Ami", "title": false, "lemma": "Ami", "pos_tag": "PROPN"}, {"type_entity": "", "position": 1054, "word": "\"", "title": false, "lemma": "\"", "pos_tag": "PUNCT"}, {"type_entity": "", "position": 1055, "word": ",", "title": false, "lemma": ",", "pos_tag": "PUNCT"}, {"type_entity": "PER", "position": 1057, "word": "Victor_Saint_Macary", "title": false, "lemma": "Victor_Saint_Macary", "pos_tag": "NOUN"}, {"type_entity": "LOC", "position": 1059, "word": "Comedie", "title": false, "lemma": "Comedie", "pos_tag": "NOUN"}, {"type_entity": "", "position": 1060, "word": "francaise", "title": false, "lemma": "francaise", "pos_tag": "VERB"}, {"type_entity": "", "position": 1061, "word": ",", "title": false, "lemma": ",", "pos_tag": "PUNCT"}, {"type_entity": "PER", "position": 1063, "word": "William_Lebghil", "title": false, "lemma": "William_Lebghil", "pos_tag": "NOUN"}, {"type_entity": "", "position": 1064, "word": ",", "title": false, "lemma": ",", "pos_tag": "PUNCT"}, {"type_entity": "PER", "position": 1065, "word": "Margot_Bancilhon", "title": false, "lemma": "Margot_Bancilhon", "pos_tag": "NOUN"}, {"type_entity": "", "position": 1066, "word": ",", "title": false, "lemma": ",", "pos_tag": "PUNCT"}, {"type_entity": "PER", "position": 1067, "word": "Camille_Razat", "title": false, "lemma": "Camille_Razat", "pos_tag": "PROPN"}, {"type_entity": "", "position": 1068, "word": ",", "title": false, "lemma": ",", "pos_tag": "PUNCT"}, {"type_entity": "PER", "position": 1069, "word": "Jonathan_Cohen", "title": false, "lemma": "Jonathan_Cohen", "pos_tag": "PROPN"}, {"type_entity": "", "position": 1070, "word": "(", "title": false, "lemma": "(", "pos_tag": "PUNCT"}, {"type_entity": "", "position": 1071, "word": "1h26", "title": false, "lemma": "1h26", "pos_tag": "NUM"}, {"type_entity": "", "position": 1072, "word": ")", "title": false, "lemma": ")", "pos_tag": "PUNCT"}, {"type_entity": "", "position": 1074, "word": "Ce", "title": false, "lemma": "Ce", "pos_tag": "DET"}, {"type_entity": "", "position": 1075, "word": "premier", "title": false, "lemma": "premier", "pos_tag": "ADJ"}, {"type_entity": "", "position": 1076, "word": "film", "title": false, "lemma": "film", "pos_tag": "NOUN"}, {"type_entity": "", "position": 1079, "word": "theatre", "title": false, "lemma": "theatre", "pos_tag": "NOUN"}, {"type_entity": "", "position": 1081, "word": "boulevard", "title": false, "lemma": "boulevard", "pos_tag": "NOUN"}, {"type_entity": "", "position": 1082, "word": ",", "title": false, "lemma": ",", "pos_tag": "PUNCT"}, {"type_entity": "", "position": 1084, "word": "chasses", "title": false, "lemma": "chasser", "pos_tag": "NOUN"}, {"type_entity": "", "position": 1085, "word": "-", "title": false, "lemma": "-", "pos_tag": "PUNCT"}, {"type_entity": "", "position": 1086, "word": "croises", "title": false, "lemma": "croiser", "pos_tag": "ADJ"}, {"type_entity": "", "position": 1087, "word": ",", "title": false, "lemma": ",", "pos_tag": "PUNCT"}, {"type_entity": "", "position": 1088, "word": "quiproquos", "title": false, "lemma": "quiproquo", "pos_tag": "NOUN"}, {"type_entity": "", "position": 1089, "word": ",", "title": false, "lemma": ",", "pos_tag": "PUNCT"}, {"type_entity": "", "position": 1090, "word": "portes", "title": false, "lemma": "porter", "pos_tag": "NOUN"}, {"type_entity": "", "position": 1091, "word": "claquees", "title": false, "lemma": "claquees", "pos_tag": "ADJ"}, {"type_entity": "", "position": 1093, "word": "disputes", "title": false, "lemma": "disputer", "pos_tag": "NOUN"}, {"type_entity": "", "position": 1094, "word": "homeriques", "title": false, "lemma": "homeriques", "pos_tag": "ADJ"}, {"type_entity": "PER", "position": 1096, "word": "Malgre", "title": false, "lemma": "Malgre", "pos_tag": "PROPN"}, {"type_entity": "", "position": 1098, "word": "duree", "title": false, "lemma": "duree", "pos_tag": "NOUN"}, {"type_entity": "", "position": 1099, "word": "tres", "title": false, "lemma": "tres", "pos_tag": "ADJ"}, {"type_entity": "", "position": 1100, "word": "raisonnable", "title": false, "lemma": "raisonnable", "pos_tag": "ADJ"}, {"type_entity": "", "position": 1103, "word": "efforts", "title": false, "lemma": "effort", "pos_tag": "NOUN"}, {"type_entity": "", "position": 1104, "word": "meritoires", "title": false, "lemma": "meritoires", "pos_tag": "ADJ"}, {"type_entity": "", "position": 1106, "word": "acteurs", "title": false, "lemma": "acteur", "pos_tag": "NOUN"}, {"type_entity": "", "position": 1107, "word": ",", "title": false, "lemma": ",", "pos_tag": "PUNCT"}, {"type_entity": "", "position": 1108, "word": "ca", "title": false, "lemma": "ca", "pos_tag": "CCONJ"}, {"type_entity": "", "position": 1109, "word": "parait", "title": false, "lemma": "parer", "pos_tag": "VERB"}, {"type_entity": "", "position": 1110, "word": "long", "title": false, "lemma": "long", "pos_tag": "ADJ"}, {"type_entity": "", "position": 1113, "word": "cause", "title": false, "lemma": "causer", "pos_tag": "NOUN"}, {"type_entity": "", "position": 1114, "word": ":", "title": false, "lemma": ":", "pos_tag": "PUNCT"}, {"type_entity": "", "position": 1116, "word": "manque", "title": false, "lemma": "manquer", "pos_tag": "NOUN"}, {"type_entity": "", "position": 1118, "word": "rythme", "title": false, "lemma": "rythmer", "pos_tag": "NOUN"}, {"type_entity": "", "position": 1120, "word": "On", "title": false, "lemma": "On", "pos_tag": "PRON"}, {"type_entity": "", "position": 1121, "word": "attendra", "title": false, "lemma": "attendre", "pos_tag": "VERB"}, {"type_entity": "", "position": 1123, "word": "deuxieme", "title": false, "lemma": "deuxieme", "pos_tag": "ADV"}, {"type_entity": "", "position": 1124, "word": "film", "title": false, "lemma": "film", "pos_tag": "NOUN"}, {"type_entity": "PER", "position": 1126, "word": "Francois_Forestier", "title": false, "lemma": "Francois_Forestier", "pos_tag": "NOUN"}, {"type_entity": "", "position": 1127, "word": "\"", "title": false, "lemma": "\"", "pos_tag": "PUNCT"}, {"type_entity": "", "position": 1128, "word": "24h", "title": false, "lemma": "24h", "pos_tag": "NUM"}, {"type_entity": "LOC", "position": 1129, "word": "Limit", "title": false, "lemma": "Limit", "pos_tag": "PROPN"}, {"type_entity": "", "position": 1130, "word": "\"", "title": false, "lemma": "\"", "pos_tag": "PUNCT"}, {"type_entity": "PER", "position": 1132, "word": "Brian_Smrz", "title": false, "lemma": "Brian_Smrz", "pos_tag": "NOUN"}, {"type_entity": "", "position": 1134, "word": "Film", "title": false, "lemma": "Film", "pos_tag": "NOUN"}, {"type_entity": "", "position": 1136, "word": "action", "title": false, "lemma": "action", "pos_tag": "NOUN"}, {"type_entity": "", "position": 1137, "word": "americain", "title": false, "lemma": "americain", "pos_tag": "ADJ"}, {"type_entity": "", "position": 1138, "word": ",", "title": false, "lemma": ",", "pos_tag": "PUNCT"}, {"type_entity": "PER", "position": 1140, "word": "Ethan_Hawke", "title": false, "lemma": "Ethan_Hawke", "pos_tag": "NOUN"}, {"type_entity": "", "position": 1141, "word": ",", "title": false, "lemma": ",", "pos_tag": "PUNCT"}, {"type_entity": "PER", "position": 1142, "word": "Paul_Anderson", "title": false, "lemma": "Paul_Anderson", "pos_tag": "NOUN"}, {"type_entity": "", "position": 1143, "word": ",", "title": false, "lemma": ",", "pos_tag": "PUNCT"}, {"type_entity": "PER", "position": 1144, "word": "Rutger_Hauer", "title": false, "lemma": "Rutger_Hauer", "pos_tag": "VERB"}, {"type_entity": "", "position": 1145, "word": "(", "title": false, "lemma": "(", "pos_tag": "PUNCT"}, {"type_entity": "", "position": 1146, "word": "1h33", "title": false, "lemma": "1h33", "pos_tag": "NUM"}, {"type_entity": "", "position": 1147, "word": ")", "title": false, "lemma": ")", "pos_tag": "PUNCT"}, {"type_entity": "PER", "position": 1149, "word": "Xavier_Leherpeur", "title": false, "lemma": "Xavier_Leherpeur", "pos_tag": "NOUN"}, {"type_entity": "", "position": 1150, "word": "\"", "title": false, "lemma": "\"", "pos_tag": "PUNCT"}, {"type_entity": "MISC", "position": 1151, "word": "In_The_Fade", "title": false, "lemma": "In_The_Fade", "pos_tag": "PROPN"}, {"type_entity": "", "position": 1152, "word": "\"", "title": false, "lemma": "\"", "pos_tag": "PUNCT"}, {"type_entity": "", "position": 1153, "word": ",", "title": false, "lemma": ",", "pos_tag": "PUNCT"}, {"type_entity": "PER", "position": 1155, "word": "Fatih_Akin", "title": false, "lemma": "Fatih_Akin", "pos_tag": "NOUN"}, {"type_entity": "PER", "position": 1157, "word": "Drame_Franco", "title": false, "lemma": "Drame_Franco", "pos_tag": "NOUN"}, {"type_entity": "", "position": 1158, "word": "-", "title": false, "lemma": "-", "pos_tag": "PUNCT"}, {"type_entity": "PER", "position": 1159, "word": "Allemand", "title": false, "lemma": "Allemand", "pos_tag": "PROPN"}, {"type_entity": "", "position": 1160, "word": ",", "title": false, "lemma": ",", "pos_tag": "PUNCT"}, {"type_entity": "PER", "position": 1162, "word": "Diane_Kruger", "title": false, "lemma": "Diane_Kruger", "pos_tag": "PROPN"}, {"type_entity": "", "position": 1163, "word": ",", "title": false, "lemma": ",", "pos_tag": "PUNCT"}, {"type_entity": "PER", "position": 1164, "word": "Denis_Moschitto", "title": false, "lemma": "Denis_Moschitto", "pos_tag": "PROPN"}, {"type_entity": "", "position": 1165, "word": ",", "title": false, "lemma": ",", "pos_tag": "PUNCT"}, {"type_entity": "LOC", "position": 1166, "word": "Numan_Acar", "title": false, "lemma": "Numan_Acar", "pos_tag": "PROPN"}, {"type_entity": "", "position": 1167, "word": "(", "title": false, "lemma": "(", "pos_tag": "PUNCT"}, {"type_entity": "", "position": 1168, "word": "1h46", "title": false, "lemma": "1h46", "pos_tag": "NOUN"}, {"type_entity": "", "position": 1169, "word": ")", "title": false, "lemma": ")", "pos_tag": "PUNCT"}, {"type_entity": "", "position": 1172, "word": "theme", "title": false, "lemma": "theme", "pos_tag": "NOUN"}, {"type_entity": "", "position": 1176, "word": "brulante", "title": false, "lemma": "brulante", "pos_tag": "NOUN"}, {"type_entity": "", "position": 1177, "word": "actualite", "title": false, "lemma": "actualite", "pos_tag": "ADV"}, {"type_entity": "", "position": 1178, "word": ",", "title": false, "lemma": ",", "pos_tag": "PUNCT"}, {"type_entity": "", "position": 1181, "word": "choix", "title": false, "lemma": "choix", "pos_tag": "NOUN"}, {"type_entity": "", "position": 1184, "word": "faire", "title": false, "lemma": "faire", "pos_tag": "VERB"}, {"type_entity": "", "position": 1186, "word": "film", "title": false, "lemma": "film", "pos_tag": "NOUN"}, {"type_entity": "", "position": 1188, "word": "vengeance", "title": false, "lemma": "vengeance", "pos_tag": "NOUN"}, {"type_entity": "", "position": 1189, "word": ",", "title": false, "lemma": ",", "pos_tag": "PUNCT"}, {"type_entity": "", "position": 1192, "word": "risque", "title": false, "lemma": "risquer", "pos_tag": "NOUN"}, {"type_entity": "PER", "position": 1194, "word": "Fatih_Akin", "title": false, "lemma": "Fatih_Akin", "pos_tag": "NOUN"}, {"type_entity": "", "position": 1195, "word": "(", "title": false, "lemma": "(", "pos_tag": "PUNCT"}, {"type_entity": "", "position": 1196, "word": "\"", "title": false, "lemma": "\"", "pos_tag": "PUNCT"}, {"type_entity": "", "position": 1197, "word": "De", "title": false, "lemma": "De", "pos_tag": "ADP"}, {"type_entity": "", "position": 1200, "word": "cote", "title": false, "lemma": "coter", "pos_tag": "NOUN"}, {"type_entity": "", "position": 1201, "word": "\"", "title": false, "lemma": "\"", "pos_tag": "PUNCT"}, {"type_entity": "", "position": 1202, "word": ",", "title": false, "lemma": ",", "pos_tag": "PUNCT"}, {"type_entity": "", "position": 1203, "word": "\"", "title": false, "lemma": "\"", "pos_tag": "PUNCT"}, {"type_entity": "PER", "position": 1204, "word": "Soul_Kitchen", "title": false, "lemma": "Soul_Kitchen", "pos_tag": "PROPN"}, {"type_entity": "", "position": 1205, "word": "\"", "title": false, "lemma": "\"", "pos_tag": "PUNCT"}, {"type_entity": "", "position": 1206, "word": ")", "title": false, "lemma": ")", "pos_tag": "PUNCT"}, {"type_entity": "", "position": 1211, "word": "droit", "title": false, "lemma": "droit", "pos_tag": "NOUN"}, {"type_entity": "", "position": 1214, "word": "erreur", "title": false, "lemma": "erreur", "pos_tag": "NOUN"}, {"type_entity": "", "position": 1215, "word": ",", "title": false, "lemma": ",", "pos_tag": "PUNCT"}, {"type_entity": "", "position": 1217, "word": "accumule", "title": false, "lemma": "accumuler", "pos_tag": "VERB"}, {"type_entity": "", "position": 1219, "word": "faux", "title": false, "lemma": "faillir", "pos_tag": "ADJ"}, {"type_entity": "", "position": 1221, "word": ":", "title": false, "lemma": ":", "pos_tag": "PUNCT"}, {"type_entity": "", "position": 1223, "word": "explose", "title": false, "lemma": "exploser", "pos_tag": "VERB"}, {"type_entity": "", "position": 1225, "word": "barometre", "title": false, "lemma": "barometre", "pos_tag": "NOUN"}, {"type_entity": "", "position": 1227, "word": "pathos", "title": false, "lemma": "pathos", "pos_tag": "NOUN"}, {"type_entity": "", "position": 1228, "word": ",", "title": false, "lemma": ",", "pos_tag": "PUNCT"}, {"type_entity": "", "position": 1229, "word": "caricature", "title": false, "lemma": "caricaturer", "pos_tag": "NOUN"}, {"type_entity": "", "position": 1231, "word": "partie", "title": false, "lemma": "partir", "pos_tag": "NOUN"}, {"type_entity": "", "position": 1232, "word": "adverse", "title": false, "lemma": "adverse", "pos_tag": "ADJ"}, {"type_entity": "", "position": 1235, "word": "juges", "title": false, "lemma": "juger", "pos_tag": "NOUN"}, {"type_entity": "", "position": 1238, "word": "proces", "title": false, "lemma": "proces", "pos_tag": "NOUN"}, {"type_entity": "", "position": 1239, "word": ",", "title": false, "lemma": ",", "pos_tag": "PUNCT"}, {"type_entity": "", "position": 1240, "word": "ose", "title": false, "lemma": "oser", "pos_tag": "VERB"}, {"type_entity": "", "position": 1242, "word": "scenes", "title": false, "lemma": "scenes", "pos_tag": "NOUN"}, {"type_entity": "", "position": 1243, "word": "indignes", "title": false, "lemma": "indigner", "pos_tag": "NOUN"}, {"type_entity": "", "position": 1245, "word": "depareraient", "title": false, "lemma": "depareraient", "pos_tag": "VERB"}, {"type_entity": "", "position": 1246, "word": "meme", "title": false, "lemma": "meme", "pos_tag": "VERB"}, {"type_entity": "", "position": 1248, "word": "telefilm", "title": false, "lemma": "telefilm", "pos_tag": "NOUN"}, {"type_entity": "ORG", "position": 1250, "word": "TF1", "title": false, "lemma": "TF1", "pos_tag": "NOUN"}, {"type_entity": "", "position": 1252, "word": "Que", "title": false, "lemma": "Que", "pos_tag": "PRON"}, {"type_entity": "PER", "position": 1253, "word": "Diane_Kruger", "title": false, "lemma": "Diane_Kruger", "pos_tag": "VERB"}, {"type_entity": "", "position": 1254, "word": "sorte", "title": false, "lemma": "sortir", "pos_tag": "NOUN"}, {"type_entity": "", "position": 1255, "word": "indemne", "title": false, "lemma": "indemne", "pos_tag": "ADJ"}, {"type_entity": "", "position": 1258, "word": "tel", "title": false, "lemma": "tel", "pos_tag": "ADJ"}, {"type_entity": "", "position": 1259, "word": "ratage", "title": false, "lemma": "ratage", "pos_tag": "NOUN"}, {"type_entity": "", "position": 1260, "word": ",", "title": false, "lemma": ",", "pos_tag": "PUNCT"}, {"type_entity": "", "position": 1261, "word": "auquel", "title": false, "lemma": "auquel", "pos_tag": "ADJ"}, {"type_entity": "", "position": 1263, "word": "apporte", "title": false, "lemma": "apporter", "pos_tag": "VERB"}, {"type_entity": "", "position": 1265, "word": "nuances", "title": false, "lemma": "nuancer", "pos_tag": "NOUN"}, {"type_entity": "", "position": 1266, "word": ",", "title": false, "lemma": ",", "pos_tag": "PUNCT"}, {"type_entity": "", "position": 1267, "word": "meritait", "title": false, "lemma": "meritait", "pos_tag": "VERB"}, {"type_entity": "", "position": 1270, "word": "recompense", "title": false, "lemma": "recompense", "pos_tag": "NOUN"}, {"type_entity": "PER", "position": 1272, "word": "Nicolas_Schaller", "title": false, "lemma": "Nicolas_Schaller", "pos_tag": "VERB"}, {"type_entity": "", "position": 1274, "word": "Obs", "title": false, "lemma": "Obs", "pos_tag": "PROPN"}, {"type_entity": "", "position": 1275, "word": "\"", "title": false, "lemma": "\"", "pos_tag": "PUNCT"}, {"type_entity": "ORG", "position": 1276, "word": "3_Billboards", "title": false, "lemma": "3_Billboards", "pos_tag": "NOUN"}, {"type_entity": "LOC", "position": 1279, "word": "Panneaux_de_la_vengeance", "title": false, "lemma": "Panneaux_de_la_vengeance", "pos_tag": "NOUN"}, {"type_entity": "", "position": 1280, "word": "\"", "title": false, "lemma": "\"", "pos_tag": "PUNCT"}, {"type_entity": "", "position": 1281, "word": ",", "title": false, "lemma": ",", "pos_tag": "PUNCT"}, {"type_entity": "PER", "position": 1283, "word": "Martin_McDonagh", "title": false, "lemma": "Martin_McDonagh", "pos_tag": "NOUN"}, {"type_entity": "LOC", "position": 1285, "word": "Comedie", "title": false, "lemma": "Comedie", "pos_tag": "NOUN"}, {"type_entity": "", "position": 1286, "word": "dramatique", "title": false, "lemma": "dramatique", "pos_tag": "ADJ"}, {"type_entity": "", "position": 1287, "word": "americaine", "title": false, "lemma": "americaine", "pos_tag": "NOUN"}, {"type_entity": "", "position": 1288, "word": ",", "title": false, "lemma": ",", "pos_tag": "PUNCT"}, {"type_entity": "PER", "position": 1290, "word": "Frances_Mcdormand", "title": false, "lemma": "Frances_Mcdormand", "pos_tag": "PROPN"}, {"type_entity": "", "position": 1291, "word": ",", "title": false, "lemma": ",", "pos_tag": "PUNCT"}, {"type_entity": "PER", "position": 1292, "word": "Woody_Harrelson", "title": false, "lemma": "Woody_Harrelson", "pos_tag": "PROPN"}, {"type_entity": "", "position": 1293, "word": ",", "title": false, "lemma": ",", "pos_tag": "PUNCT"}, {"type_entity": "PER", "position": 1294, "word": "Sam_Rockwell", "title": false, "lemma": "Sam_Rockwell", "pos_tag": "NOUN"}, {"type_entity": "", "position": 1295, "word": ",", "title": false, "lemma": ",", "pos_tag": "PUNCT"}, {"type_entity": "PER", "position": 1296, "word": "Peter_Dinklage", "title": false, "lemma": "Peter_Dinklage", "pos_tag": "NOUN"}, {"type_entity": "", "position": 1297, "word": ",", "title": false, "lemma": ",", "pos_tag": "PUNCT"}, {"type_entity": "PER", "position": 1298, "word": "Abbie_Cornish", "title": false, "lemma": "Abbie_Cornish", "pos_tag": "PROPN"}, {"type_entity": "", "position": 1299, "word": "(", "title": false, "lemma": "(", "pos_tag": "PUNCT"}, {"type_entity": "", "position": 1300, "word": "1h56", "title": false, "lemma": "1h56", "pos_tag": "NOUN"}, {"type_entity": "", "position": 1301, "word": ")", "title": false, "lemma": ")", "pos_tag": "PUNCT"}, {"type_entity": "", "position": 1303, "word": "\"", "title": false, "lemma": "\"", "pos_tag": "PUNCT"}, {"type_entity": "MISC", "position": 1304, "word": "La_Juste_Route", "title": false, "lemma": "La_Juste_Route", "pos_tag": "PROPN"}, {"type_entity": "", "position": 1305, "word": "\"", "title": false, "lemma": "\"", "pos_tag": "PUNCT"}, {"type_entity": "PER", "position": 1307, "word": "Ferenc_Torok", "title": false, "lemma": "Ferenc_Torok", "pos_tag": "PROPN"}, {"type_entity": "PER", "position": 1309, "word": "Drame", "title": false, "lemma": "Drame", "pos_tag": "NOUN"}, {"type_entity": "", "position": 1310, "word": "hongrois", "title": false, "lemma": "hongrois", "pos_tag": "NUM"}, {"type_entity": "", "position": 1311, "word": ",", "title": false, "lemma": ",", "pos_tag": "PUNCT"}, {"type_entity": "PER", "position": 1313, "word": "Peter_Rudolf", "title": false, "lemma": "Peter_Rudolf", "pos_tag": "NOUN"}, {"type_entity": "", "position": 1314, "word": ",", "title": false, "lemma": ",", "pos_tag": "PUNCT"}, {"type_entity": "PER", "position": 1315, "word": "Bence_Tasnadi", "title": false, "lemma": "Bence_Tasnadi", "pos_tag": "ADV"}, {"type_entity": "", "position": 1316, "word": ",", "title": false, "lemma": ",", "pos_tag": "PUNCT"}, {"type_entity": "PER", "position": 1317, "word": "Tamas_Szabo_Kimmel", "title": false, "lemma": "Tamas_Szabo_Kimmel", "pos_tag": "PROPN"}, {"type_entity": "", "position": 1318, "word": "(", "title": false, "lemma": "(", "pos_tag": "PUNCT"}, {"type_entity": "", "position": 1319, "word": "1h31", "title": false, "lemma": "1h31", "pos_tag": "NOUN"}, {"type_entity": "", "position": 1320, "word": ")", "title": false, "lemma": ")", "pos_tag": "PUNCT"}, {"type_entity": "ORG", "position": 1, "word": "3_Billboards", "title": false, "lemma": "3_Billboards", "pos_tag": "DET"}, {"type_entity": "MISC", "position": 2, "word": "La_Juste_Route", "title": false, "lemma": "La_Juste_Route", "pos_tag": "NOUN"}, {"type_entity": "", "position": 5, "word": "films", "title": true, "lemma": "film", "pos_tag": "NOUN"}, {"type_entity": "", "position": 7, "word": "voir", "title": true, "lemma": "voir", "pos_tag": "VERB"}, {"type_entity": "", "position": 11, "word": "semaine", "title": true, "lemma": "semaine", "pos_tag": "NOUN"}]}