{"content": {"words": ["Yucatan", "ruines", "azteques", "Chichen", "Itza_Illustration", "ROSSI", "GUIDOSIPALa", "maladie", "mysterieuse", "frappe", "Azteques", "500", "ans", "surement", "ete", "identifiee", "1545", "peuple", "installe", "plateau_du", "Mexique", "ete", "frappe", "epidemie", "Pres", "15", "millions", "personnes", "80", "population", "trouverent", "mort", "annees", "succombant", "jours", "fortes", "fievres", "maux", "tete", "saignements", "yeux", "Guardianexplique", "mardi", "etude", "scientifique", "permis", "determiner", "causes", "maladie", "analysant", "ADN", "extrait", "squelettes", "enterres", "periode", "fosses", "communes", "chercheurs", "retrouve", "traces", "salmonelles", "bacteries", "transmettent", "via", "eau", "nourriture", "salmonelles", "pu", "arriver", "Mexique", "via", "animaux", "domestiques", "amenes", "Espagnols", "explique", "equipe", "recherche", "citee", "quotidien", "britannique", "chercheurs", "montrent", "neanmoins", "prudents", "rappellent", "bacterie", "retrouvee", "forcement", "cause", "epidemie", "meme", "serieux", "candidat", ".Motscles", "bacterie", "origine", "epidemie", "mortelle", "decima", "Azteques", "peutetre", "ete", "identifiee"]}, "article": {"surname_author": ["Nicolas Raffin"], "date_publication": "2018-01-16", "name_newspaper": "20 Minutes", "id_article": 291}, "position_word": [{"type_entity": "", "position": 1, "word": "Yucatan", "title": false, "lemma": "Yucatan", "pos_tag": "PROPN"}, {"type_entity": "", "position": 2, "word": "ruines", "title": false, "lemma": "ruiner", "pos_tag": "ADJ"}, {"type_entity": "", "position": 3, "word": "azteques", "title": true, "lemma": "azteques", "pos_tag": "ADJ"}, {"type_entity": "LOC", "position": 5, "word": "Chichen", "title": false, "lemma": "Chichen", "pos_tag": "PROPN"}, {"type_entity": "ORG", "position": 6, "word": "Itza_Illustration", "title": false, "lemma": "Itza_Illustration", "pos_tag": "ADJ"}, {"type_entity": "ORG", "position": 8, "word": "ROSSI", "title": false, "lemma": "ROSSI", "pos_tag": "NOUN"}, {"type_entity": "", "position": 9, "word": "GUIDOSIPALa", "title": false, "lemma": "GUIDOSIPALa", "pos_tag": "VERB"}, {"type_entity": "", "position": 10, "word": "maladie", "title": false, "lemma": "maladie", "pos_tag": "NOUN"}, {"type_entity": "", "position": 11, "word": "mysterieuse", "title": false, "lemma": "mysterieuse", "pos_tag": "ADJ"}, {"type_entity": "", "position": 14, "word": "frappe", "title": false, "lemma": "frapper", "pos_tag": "VERB"}, {"type_entity": "LOC", "position": 16, "word": "Azteques", "title": true, "lemma": "Azteques", "pos_tag": "NOUN"}, {"type_entity": "", "position": 20, "word": "500", "title": false, "lemma": "500", "pos_tag": "NUM"}, {"type_entity": "", "position": 21, "word": "ans", "title": false, "lemma": "an", "pos_tag": "NOUN"}, {"type_entity": "", "position": 23, "word": "surement", "title": false, "lemma": "surement", "pos_tag": "VERB"}, {"type_entity": "", "position": 24, "word": "ete", "title": true, "lemma": "ete", "pos_tag": "ADV"}, {"type_entity": "", "position": 25, "word": "identifiee", "title": true, "lemma": "identifiee", "pos_tag": "ADJ"}, {"type_entity": "", "position": 28, "word": "1545", "title": false, "lemma": "1545", "pos_tag": "NUM"}, {"type_entity": "", "position": 30, "word": "peuple", "title": false, "lemma": "peupler", "pos_tag": "NOUN"}, {"type_entity": "", "position": 31, "word": "installe", "title": false, "lemma": "installer", "pos_tag": "VERB"}, {"type_entity": "LOC", "position": 34, "word": "plateau_du", "title": false, "lemma": "plateau_du", "pos_tag": "NOUN"}, {"type_entity": "LOC", "position": 35, "word": "Mexique", "title": false, "lemma": "Mexique", "pos_tag": "ADJ"}, {"type_entity": "", "position": 37, "word": "ete", "title": true, "lemma": "ete", "pos_tag": "AUX"}, {"type_entity": "", "position": 38, "word": "frappe", "title": false, "lemma": "frapper", "pos_tag": "VERB"}, {"type_entity": "", "position": 41, "word": "epidemie", "title": false, "lemma": "epidemie", "pos_tag": "NOUN"}, {"type_entity": "LOC", "position": 43, "word": "Pres", "title": false, "lemma": "Pres", "pos_tag": "PROPN"}, {"type_entity": "", "position": 45, "word": "15", "title": false, "lemma": "15", "pos_tag": "NUM"}, {"type_entity": "", "position": 46, "word": "millions", "title": false, "lemma": "million", "pos_tag": "NOUN"}, {"type_entity": "", "position": 48, "word": "personnes", "title": false, "lemma": "personne", "pos_tag": "NOUN"}, {"type_entity": "", "position": 49, "word": "80", "title": false, "lemma": "80", "pos_tag": "NUM"}, {"type_entity": "", "position": 52, "word": "population", "title": false, "lemma": "population", "pos_tag": "NOUN"}, {"type_entity": "", "position": 53, "word": "trouverent", "title": false, "lemma": "trouverent", "pos_tag": "ADV"}, {"type_entity": "", "position": 55, "word": "mort", "title": false, "lemma": "mourir", "pos_tag": "NOUN"}, {"type_entity": "", "position": 58, "word": "annees", "title": false, "lemma": "annees", "pos_tag": "NOUN"}, {"type_entity": "", "position": 59, "word": "succombant", "title": false, "lemma": "succomber", "pos_tag": "VERB"}, {"type_entity": "", "position": 62, "word": "jours", "title": false, "lemma": "jour", "pos_tag": "NOUN"}, {"type_entity": "", "position": 65, "word": "fortes", "title": false, "lemma": "fort", "pos_tag": "NOUN"}, {"type_entity": "", "position": 66, "word": "fievres", "title": false, "lemma": "fievres", "pos_tag": "ADJ"}, {"type_entity": "", "position": 68, "word": "maux", "title": false, "lemma": "mal", "pos_tag": "NOUN"}, {"type_entity": "", "position": 70, "word": "tete", "title": false, "lemma": "tete", "pos_tag": "NOUN"}, {"type_entity": "", "position": 73, "word": "saignements", "title": false, "lemma": "saignement", "pos_tag": "NOUN"}, {"type_entity": "", "position": 75, "word": "yeux", "title": false, "lemma": "oeil", "pos_tag": "NOUN"}, {"type_entity": "LOC", "position": 78, "word": "Guardianexplique", "title": false, "lemma": "Guardianexplique", "pos_tag": "PROPN"}, {"type_entity": "", "position": 80, "word": "mardi", "title": false, "lemma": "mardi", "pos_tag": "NOUN"}, {"type_entity": "", "position": 83, "word": "etude", "title": false, "lemma": "etude", "pos_tag": "NOUN"}, {"type_entity": "", "position": 84, "word": "scientifique", "title": false, "lemma": "scientifique", "pos_tag": "ADJ"}, {"type_entity": "", "position": 86, "word": "permis", "title": false, "lemma": "permettre", "pos_tag": "VERB"}, {"type_entity": "", "position": 88, "word": "determiner", "title": false, "lemma": "determiner", "pos_tag": "VERB"}, {"type_entity": "", "position": 90, "word": "causes", "title": false, "lemma": "causer", "pos_tag": "NOUN"}, {"type_entity": "", "position": 93, "word": "maladie", "title": false, "lemma": "maladie", "pos_tag": "NOUN"}, {"type_entity": "", "position": 96, "word": "analysant", "title": false, "lemma": "analyser", "pos_tag": "VERB"}, {"type_entity": "", "position": 98, "word": "ADN", "title": false, "lemma": "ADN", "pos_tag": "NOUN"}, {"type_entity": "", "position": 99, "word": "extrait", "title": false, "lemma": "extraire", "pos_tag": "VERB"}, {"type_entity": "", "position": 102, "word": "squelettes", "title": false, "lemma": "squelette", "pos_tag": "NOUN"}, {"type_entity": "", "position": 103, "word": "enterres", "title": false, "lemma": "enterrer", "pos_tag": "ADJ"}, {"type_entity": "", "position": 106, "word": "periode", "title": false, "lemma": "periode", "pos_tag": "NOUN"}, {"type_entity": "", "position": 109, "word": "fosses", "title": false, "lemma": "fosse", "pos_tag": "NOUN"}, {"type_entity": "", "position": 110, "word": "communes", "title": false, "lemma": "commune", "pos_tag": "ADJ"}, {"type_entity": "", "position": 112, "word": "chercheurs", "title": false, "lemma": "chercheur", "pos_tag": "NOUN"}, {"type_entity": "", "position": 114, "word": "retrouve", "title": false, "lemma": "retrouver", "pos_tag": "NOUN"}, {"type_entity": "", "position": 116, "word": "traces", "title": false, "lemma": "tracer", "pos_tag": "NOUN"}, {"type_entity": "", "position": 118, "word": "salmonelles", "title": false, "lemma": "salmonelle", "pos_tag": "NOUN"}, {"type_entity": "", "position": 120, "word": "bacteries", "title": false, "lemma": "bacteries", "pos_tag": "NOUN"}, {"type_entity": "", "position": 123, "word": "transmettent", "title": false, "lemma": "transmettre", "pos_tag": "VERB"}, {"type_entity": "", "position": 124, "word": "via", "title": false, "lemma": "via", "pos_tag": "ADP"}, {"type_entity": "", "position": 126, "word": "eau", "title": false, "lemma": "eau", "pos_tag": "NOUN"}, {"type_entity": "", "position": 129, "word": "nourriture", "title": false, "lemma": "nourriture", "pos_tag": "NOUN"}, {"type_entity": "", "position": 132, "word": "salmonelles", "title": false, "lemma": "salmonelle", "pos_tag": "NOUN"}, {"type_entity": "", "position": 134, "word": "pu", "title": false, "lemma": "pouvoir", "pos_tag": "AUX"}, {"type_entity": "", "position": 135, "word": "arriver", "title": false, "lemma": "avoir", "pos_tag": "VERB"}, {"type_entity": "LOC", "position": 137, "word": "Mexique", "title": false, "lemma": "Mexique", "pos_tag": "VERB"}, {"type_entity": "", "position": 138, "word": "via", "title": false, "lemma": "via", "pos_tag": "ADP"}, {"type_entity": "", "position": 140, "word": "animaux", "title": false, "lemma": "animal", "pos_tag": "NOUN"}, {"type_entity": "", "position": 141, "word": "domestiques", "title": false, "lemma": "domestiquer", "pos_tag": "ADJ"}, {"type_entity": "", "position": 142, "word": "amenes", "title": false, "lemma": "amenes", "pos_tag": "VERB"}, {"type_entity": "LOC", "position": 145, "word": "Espagnols", "title": false, "lemma": "Espagnols", "pos_tag": "NOUN"}, {"type_entity": "", "position": 146, "word": "explique", "title": false, "lemma": "expliquer", "pos_tag": "VERB"}, {"type_entity": "", "position": 148, "word": "equipe", "title": false, "lemma": "equipe", "pos_tag": "NOUN"}, {"type_entity": "", "position": 150, "word": "recherche", "title": false, "lemma": "rechercher", "pos_tag": "NOUN"}, {"type_entity": "", "position": 151, "word": "citee", "title": false, "lemma": "citee", "pos_tag": "VERB"}, {"type_entity": "", "position": 154, "word": "quotidien", "title": false, "lemma": "quotidien", "pos_tag": "NOUN"}, {"type_entity": "", "position": 155, "word": "britannique", "title": false, "lemma": "britannique", "pos_tag": "ADJ"}, {"type_entity": "", "position": 158, "word": "chercheurs", "title": false, "lemma": "chercheur", "pos_tag": "NOUN"}, {"type_entity": "", "position": 160, "word": "montrent", "title": false, "lemma": "montrer", "pos_tag": "VERB"}, {"type_entity": "", "position": 161, "word": "neanmoins", "title": false, "lemma": "neanmoins", "pos_tag": "ADJ"}, {"type_entity": "", "position": 162, "word": "prudents", "title": false, "lemma": "prudent", "pos_tag": "NOUN"}, {"type_entity": "", "position": 164, "word": "rappellent", "title": false, "lemma": "rappeler", "pos_tag": "VERB"}, {"type_entity": "", "position": 167, "word": "bacterie", "title": true, "lemma": "bacterie", "pos_tag": "NOUN"}, {"type_entity": "", "position": 168, "word": "retrouvee", "title": false, "lemma": "retrouvee", "pos_tag": "ADJ"}, {"type_entity": "", "position": 172, "word": "forcement", "title": false, "lemma": "forcement", "pos_tag": "VERB"}, {"type_entity": "", "position": 174, "word": "cause", "title": false, "lemma": "causer", "pos_tag": "NOUN"}, {"type_entity": "", "position": 177, "word": "epidemie", "title": false, "lemma": "epidemie", "pos_tag": "NOUN"}, {"type_entity": "", "position": 178, "word": "meme", "title": false, "lemma": "meme", "pos_tag": "VERB"}, {"type_entity": "", "position": 183, "word": "serieux", "title": false, "lemma": "serieux", "pos_tag": "ADJ"}, {"type_entity": "", "position": 184, "word": "candidat", "title": false, "lemma": "candidat", "pos_tag": "NOUN"}, {"type_entity": "", "position": 185, "word": ".Motscles", "title": false, "lemma": ".Motscles", "pos_tag": "ADJ"}, {"type_entity": "", "position": 2, "word": "bacterie", "title": true, "lemma": "bacterie", "pos_tag": "NOUN"}, {"type_entity": "", "position": 5, "word": "origine", "title": false, "lemma": "origine", "pos_tag": "NOUN"}, {"type_entity": "", "position": 8, "word": "epidemie", "title": false, "lemma": "epidemie", "pos_tag": "NOUN"}, {"type_entity": "", "position": 9, "word": "mortelle", "title": true, "lemma": "mortel", "pos_tag": "ADJ"}, {"type_entity": "", "position": 11, "word": "decima", "title": true, "lemma": "decima", "pos_tag": "VERB"}, {"type_entity": "LOC", "position": 13, "word": "Azteques", "title": true, "lemma": "Azteques", "pos_tag": "NOUN"}, {"type_entity": "", "position": 15, "word": "peutetre", "title": false, "lemma": "peutetre", "pos_tag": "VERB"}, {"type_entity": "", "position": 16, "word": "ete", "title": true, "lemma": "ete", "pos_tag": "ADV"}, {"type_entity": "", "position": 17, "word": "identifiee", "title": true, "lemma": "identifiee", "pos_tag": "ADJ"}]}