{"content": {"words": ["intersyndicale", "usine", "Rodez", "specialisee", "moteurs", "diesel", "ete", "recue", "Bercy", "alerter", "manque", "perspectives", "ici", "2020.Les", "1_600", "CDI", "usine", "Bosch", "OnetleChateau", "pres", "Rodez_Aveyron", "8_500", "emplois", "induits", "sellette", "huitieme", "travailleurs", "territoire", "Vu", "carnet", "commandes", "horizon", "2020", "meilleur", "cas", "350", "postes", "condamnes", "fermeture", "ligne", "production", "deja", "annoncee", "Et", "Industrie", "Chez", "Bosch", "craint", "GMS", "puissance", "5"]}, "article": {"surname_author": [], "date_publication": "2018-01-17", "name_newspaper": "Humanite", "id_article": 300}, "position_word": [{"type_entity": "", "position": 2, "word": "intersyndicale", "title": false, "lemma": "intersyndical", "pos_tag": "ADJ"}, {"type_entity": "", "position": 5, "word": "usine", "title": false, "lemma": "usiner", "pos_tag": "NOUN"}, {"type_entity": "LOC", "position": 7, "word": "Rodez", "title": false, "lemma": "Rodez", "pos_tag": "PROPN"}, {"type_entity": "", "position": 8, "word": "specialisee", "title": false, "lemma": "specialisee", "pos_tag": "ADJ"}, {"type_entity": "", "position": 11, "word": "moteurs", "title": false, "lemma": "moteur", "pos_tag": "NOUN"}, {"type_entity": "", "position": 12, "word": "diesel", "title": false, "lemma": "diesel", "pos_tag": "NOUN"}, {"type_entity": "", "position": 14, "word": "ete", "title": false, "lemma": "ete", "pos_tag": "AUX"}, {"type_entity": "", "position": 15, "word": "recue", "title": false, "lemma": "recue", "pos_tag": "NOUN"}, {"type_entity": "PER", "position": 17, "word": "Bercy", "title": false, "lemma": "Bercy", "pos_tag": "PROPN"}, {"type_entity": "", "position": 19, "word": "alerter", "title": false, "lemma": "alerter", "pos_tag": "VERB"}, {"type_entity": "", "position": 22, "word": "manque", "title": false, "lemma": "manquer", "pos_tag": "NOUN"}, {"type_entity": "", "position": 24, "word": "perspectives", "title": false, "lemma": "perspective", "pos_tag": "NOUN"}, {"type_entity": "", "position": 26, "word": "ici", "title": false, "lemma": "ici", "pos_tag": "ADV"}, {"type_entity": "", "position": 27, "word": "2020.Les", "title": false, "lemma": "2020.Les", "pos_tag": "NUM"}, {"type_entity": "", "position": 28, "word": "1_600", "title": false, "lemma": "1_600", "pos_tag": "NOUN"}, {"type_entity": "MISC", "position": 29, "word": "CDI", "title": false, "lemma": "CDI", "pos_tag": "NOUN"}, {"type_entity": "", "position": 32, "word": "usine", "title": false, "lemma": "usiner", "pos_tag": "NOUN"}, {"type_entity": "ORG", "position": 33, "word": "Bosch", "title": false, "lemma": "Bosch", "pos_tag": "PROPN"}, {"type_entity": "ORG", "position": 35, "word": "OnetleChateau", "title": false, "lemma": "OnetleChateau", "pos_tag": "NOUN"}, {"type_entity": "", "position": 36, "word": "pres", "title": false, "lemma": "pres", "pos_tag": "ADJ"}, {"type_entity": "PER", "position": 38, "word": "Rodez_Aveyron", "title": false, "lemma": "Rodez_Aveyron", "pos_tag": "NOUN"}, {"type_entity": "", "position": 40, "word": "8_500", "title": false, "lemma": "8_500", "pos_tag": "NUM"}, {"type_entity": "", "position": 41, "word": "emplois", "title": false, "lemma": "emploi", "pos_tag": "NOUN"}, {"type_entity": "", "position": 42, "word": "induits", "title": false, "lemma": "induire", "pos_tag": "VERB"}, {"type_entity": "", "position": 46, "word": "sellette", "title": false, "lemma": "sellette", "pos_tag": "NOUN"}, {"type_entity": "", "position": 49, "word": "huitieme", "title": false, "lemma": "huitieme", "pos_tag": "NOUN"}, {"type_entity": "", "position": 51, "word": "travailleurs", "title": false, "lemma": "travailleur", "pos_tag": "NOUN"}, {"type_entity": "", "position": 54, "word": "territoire", "title": false, "lemma": "territoire", "pos_tag": "NOUN"}, {"type_entity": "", "position": 56, "word": "Vu", "title": false, "lemma": "Vu", "pos_tag": "ADP"}, {"type_entity": "", "position": 58, "word": "carnet", "title": false, "lemma": "carnet", "pos_tag": "NOUN"}, {"type_entity": "", "position": 60, "word": "commandes", "title": false, "lemma": "commander", "pos_tag": "NOUN"}, {"type_entity": "", "position": 63, "word": "horizon", "title": false, "lemma": "horizon", "pos_tag": "NOUN"}, {"type_entity": "", "position": 64, "word": "2020", "title": false, "lemma": "2020", "pos_tag": "NUM"}, {"type_entity": "", "position": 67, "word": "meilleur", "title": false, "lemma": "meilleur", "pos_tag": "ADJ"}, {"type_entity": "", "position": 69, "word": "cas", "title": false, "lemma": "cas", "pos_tag": "NOUN"}, {"type_entity": "", "position": 70, "word": "350", "title": false, "lemma": "350", "pos_tag": "NUM"}, {"type_entity": "", "position": 71, "word": "postes", "title": false, "lemma": "poster", "pos_tag": "NOUN"}, {"type_entity": "", "position": 73, "word": "condamnes", "title": false, "lemma": "condamner", "pos_tag": "ADJ"}, {"type_entity": "", "position": 76, "word": "fermeture", "title": false, "lemma": "fermeture", "pos_tag": "NOUN"}, {"type_entity": "", "position": 79, "word": "ligne", "title": false, "lemma": "ligne", "pos_tag": "NOUN"}, {"type_entity": "", "position": 81, "word": "production", "title": false, "lemma": "production", "pos_tag": "NOUN"}, {"type_entity": "", "position": 82, "word": "deja", "title": false, "lemma": "deja", "pos_tag": "VERB"}, {"type_entity": "", "position": 83, "word": "annoncee", "title": false, "lemma": "annoncee", "pos_tag": "VERB"}, {"type_entity": "", "position": 85, "word": "Et", "title": false, "lemma": "Et", "pos_tag": "CCONJ"}, {"type_entity": "LOC", "position": 1, "word": "Industrie", "title": false, "lemma": "Industrie", "pos_tag": "NOUN"}, {"type_entity": "", "position": 3, "word": "Chez", "title": true, "lemma": "Chez", "pos_tag": "ADP"}, {"type_entity": "PER", "position": 4, "word": "Bosch", "title": false, "lemma": "Bosch", "pos_tag": "PROPN"}, {"type_entity": "", "position": 6, "word": "craint", "title": true, "lemma": "craindre", "pos_tag": "VERB"}, {"type_entity": "", "position": 8, "word": "GMS", "title": false, "lemma": "GMS", "pos_tag": "NOUN"}, {"type_entity": "", "position": 9, "word": "puissance", "title": true, "lemma": "puissance", "pos_tag": "VERB"}, {"type_entity": "", "position": 10, "word": "5", "title": true, "lemma": "5", "pos_tag": "NUM"}]}