{"content": {"words": ["\n", "Citations", "Chaque", "mercredi", "La_Matinale_du_Monde", "publie", "exclusivite", "strip", "dessinatrice", "Aude_Picault", "Le_Monde", "17_01_2018", "06h42", "Mis", "jour", "\n", "17_01_2018", "07h08", "Abonnezvous", "partir", "1", "EUR", "monde", "abonnements", "Profitez", "journal", "voulez", "Abonnements_papier_offres", "100", "numeriques", "Web", "tablette", "abonner", "Monde", "partir", "1", "EUR_Journal", "information", "ligne", "Le_Monde.fr", "offre", "visiteurs", "panorama", "complet", "actualite", "Decouvrez", "chaque", "jour", "info", "direct", "politique", "economie", "passant", "sport", "meteo", "Le_Monde.fr", "site", "news", "leader", "presse", "francaise", "ligne", "Citations", "Citations", "Citations", "Chaque", "mercredi", "La_Matinale_du_Monde", "publie", "exclusivite", "strip", "dessinatrice", "Aude_Picault", "Le_Monde", "17_01_2018", "06h42", "Mis", "jour", "\n", "17_01_2018", "07h08", "Abonnezvous", "partir", "1", "EUR_Chaque", "mercredi", "La_Matinale_du_Monde", "publie", "exclusivite", "strip", "dessinatrice", "Aude_Picault", "Le_Monde", "17_01_2018", "06h42", "Mis", "jour", "\n", "17_01_2018", "07h08", "Abonnezvous", "partir", "1", "EUR_Chaque", "mercredi", "<", "La_Matinale_du_Monde", ">", ">", "publie", "exclusivite", "strip", "dessinatrice", "Aude_Picault", "Le_Monde_|", "17_01_2018", "06h42", "*", "Mis", "jour", "\n", "17_01_2018", "07h08", "Abonnez", "-", "partir", "1", "EUR_Chaque", "mercredi", ",", "<", "<", "La_Matinale_du_Monde", ">", ">", "publie", "exclusivite", "strip", "dessinatrice", "Aude_Picault", "Le_Monde_|", "17_01_2018", "06h42", "*", "Mis", "jour", "\n", "17_01_2018", "07h08", "Chaque", "mercredi", ",", "<", "<", "La_Matinale_du_Monde", ">", ">", "publie", "exclusivite", "strip", "dessinatrice", "Aude_Picault", "Le_Monde_|", "17_01_2018", "06h42", "*", "Mis", "jour", "\n", "17_01_2018", "07h08", "Abonnez", "-", "partir", "1", "EUR_Abonnez", "-", "partir", "1", "EUR", "monde", "abonnements", "Profitez", "journal", "voulez", "Abonnements", "papier", ",", "offres", "100", "%", "numeriques", "Web", "tablette", "abonner", "Monde", "partir", "1", "EUR", "monde", "abonnements", "Profitez", "journal", "voulez", "Abonnements", "papier", ",", "offres", "100", "%", "numeriques", "Web", "tablette", "abonner", "Monde", "partir", "1", "EUR", "monde", "abonnements", "Profitez", "journal", "voulez", "Abonnements", "papier", ",", "offres", "100", "%", "numeriques", "Web", "tablette", "abonner", "Monde", "partir", "1", "EUR", "Coworkingdom", "Aude_Picault", "episode", "17"]}, "article": {"surname_author": [""], "date_publication": "2018-01-17", "name_newspaper": "Le Monde", "id_article": 302}, "position_word": [{"type_entity": "MISC", "position": 1, "word": "\n", "title": true, "lemma": "\n", "pos_tag": "SPACE"}, {"type_entity": "PER", "position": 2, "word": "Citations", "title": false, "lemma": "Citations", "pos_tag": "VERB"}, {"type_entity": "", "position": 3, "word": "Chaque", "title": false, "lemma": "Chaque", "pos_tag": "DET"}, {"type_entity": "", "position": 4, "word": "mercredi", "title": false, "lemma": "mercredi", "pos_tag": "NOUN"}, {"type_entity": "ORG", "position": 5, "word": "La_Matinale_du_Monde", "title": false, "lemma": "La_Matinale_du_Monde", "pos_tag": "AUX"}, {"type_entity": "", "position": 6, "word": "publie", "title": false, "lemma": "publier", "pos_tag": "VERB"}, {"type_entity": "", "position": 8, "word": "exclusivite", "title": false, "lemma": "exclusivite", "pos_tag": "NOUN"}, {"type_entity": "", "position": 10, "word": "strip", "title": false, "lemma": "strip", "pos_tag": "NOUN"}, {"type_entity": "", "position": 13, "word": "dessinatrice", "title": false, "lemma": "dessinateur", "pos_tag": "NOUN"}, {"type_entity": "PER", "position": 14, "word": "Aude_Picault", "title": true, "lemma": "Aude_Picault", "pos_tag": "ADJ"}, {"type_entity": "ORG", "position": 16, "word": "Le_Monde", "title": false, "lemma": "Le_Monde", "pos_tag": "NOUN"}, {"type_entity": "", "position": 17, "word": "17_01_2018", "title": false, "lemma": "17_01_2018", "pos_tag": "NOUN"}, {"type_entity": "", "position": 19, "word": "06h42", "title": false, "lemma": "06h42", "pos_tag": "NUM"}, {"type_entity": "LOC", "position": 20, "word": "Mis", "title": false, "lemma": "Mis", "pos_tag": "VERB"}, {"type_entity": "", "position": 22, "word": "jour", "title": false, "lemma": "jour", "pos_tag": "VERB"}, {"type_entity": "MISC", "position": 24, "word": "\n", "title": true, "lemma": "\n", "pos_tag": "SPACE"}, {"type_entity": "", "position": 25, "word": "17_01_2018", "title": false, "lemma": "17_01_2018", "pos_tag": "NOUN"}, {"type_entity": "", "position": 27, "word": "07h08", "title": false, "lemma": "07h08", "pos_tag": "NUM"}, {"type_entity": "LOC", "position": 28, "word": "Abonnezvous", "title": false, "lemma": "Abonnezvous", "pos_tag": "PROPN"}, {"type_entity": "", "position": 30, "word": "partir", "title": false, "lemma": "partir", "pos_tag": "VERB"}, {"type_entity": "", "position": 32, "word": "1", "title": false, "lemma": "1", "pos_tag": "NUM"}, {"type_entity": "ORG", "position": 33, "word": "EUR", "title": false, "lemma": "EUR", "pos_tag": "NOUN"}, {"type_entity": "", "position": 35, "word": "monde", "title": false, "lemma": "monder", "pos_tag": "NOUN"}, {"type_entity": "", "position": 36, "word": "abonnements", "title": false, "lemma": "abonnement", "pos_tag": "NOUN"}, {"type_entity": "ORG", "position": 37, "word": "Profitez", "title": false, "lemma": "Profitez", "pos_tag": "VERB"}, {"type_entity": "", "position": 39, "word": "journal", "title": false, "lemma": "journal", "pos_tag": "NOUN"}, {"type_entity": "", "position": 44, "word": "voulez", "title": false, "lemma": "vouloir", "pos_tag": "VERB"}, {"type_entity": "ORG", "position": 46, "word": "Abonnements_papier_offres", "title": false, "lemma": "Abonnements_papier_offres", "pos_tag": "NOUN"}, {"type_entity": "", "position": 47, "word": "100", "title": false, "lemma": "100", "pos_tag": "NUM"}, {"type_entity": "", "position": 48, "word": "numeriques", "title": false, "lemma": "numeriques", "pos_tag": "NOUN"}, {"type_entity": "MISC", "position": 50, "word": "Web", "title": false, "lemma": "Web", "pos_tag": "PROPN"}, {"type_entity": "", "position": 52, "word": "tablette", "title": false, "lemma": "tablette", "pos_tag": "NOUN"}, {"type_entity": "", "position": 55, "word": "abonner", "title": false, "lemma": "abonner", "pos_tag": "VERB"}, {"type_entity": "ORG", "position": 57, "word": "Monde", "title": false, "lemma": "Monde", "pos_tag": "PROPN"}, {"type_entity": "", "position": 59, "word": "partir", "title": false, "lemma": "partir", "pos_tag": "VERB"}, {"type_entity": "", "position": 61, "word": "1", "title": false, "lemma": "1", "pos_tag": "NUM"}, {"type_entity": "ORG", "position": 62, "word": "EUR_Journal", "title": false, "lemma": "EUR_Journal", "pos_tag": "PROPN"}, {"type_entity": "", "position": 64, "word": "information", "title": false, "lemma": "information", "pos_tag": "NOUN"}, {"type_entity": "", "position": 66, "word": "ligne", "title": false, "lemma": "ligne", "pos_tag": "NOUN"}, {"type_entity": "LOC", "position": 67, "word": "Le_Monde.fr", "title": false, "lemma": "Le_Monde.fr", "pos_tag": "AUX"}, {"type_entity": "", "position": 68, "word": "offre", "title": false, "lemma": "offrir", "pos_tag": "VERB"}, {"type_entity": "", "position": 71, "word": "visiteurs", "title": false, "lemma": "visiteur", "pos_tag": "NOUN"}, {"type_entity": "", "position": 73, "word": "panorama", "title": false, "lemma": "panorama", "pos_tag": "NOUN"}, {"type_entity": "", "position": 74, "word": "complet", "title": false, "lemma": "complet", "pos_tag": "ADJ"}, {"type_entity": "", "position": 77, "word": "actualite", "title": false, "lemma": "actualite", "pos_tag": "NOUN"}, {"type_entity": "PER", "position": 79, "word": "Decouvrez", "title": false, "lemma": "Decouvrez", "pos_tag": "ADV"}, {"type_entity": "", "position": 80, "word": "chaque", "title": false, "lemma": "chaque", "pos_tag": "DET"}, {"type_entity": "", "position": 81, "word": "jour", "title": false, "lemma": "jour", "pos_tag": "NOUN"}, {"type_entity": "", "position": 84, "word": "info", "title": false, "lemma": "info", "pos_tag": "VERB"}, {"type_entity": "", "position": 86, "word": "direct", "title": false, "lemma": "direct", "pos_tag": "ADJ"}, {"type_entity": "", "position": 89, "word": "politique", "title": false, "lemma": "politique", "pos_tag": "NOUN"}, {"type_entity": "", "position": 92, "word": "economie", "title": false, "lemma": "economie", "pos_tag": "NOUN"}, {"type_entity": "", "position": 94, "word": "passant", "title": false, "lemma": "passer", "pos_tag": "VERB"}, {"type_entity": "", "position": 97, "word": "sport", "title": false, "lemma": "sport", "pos_tag": "NOUN"}, {"type_entity": "", "position": 100, "word": "meteo", "title": false, "lemma": "meteo", "pos_tag": "NOUN"}, {"type_entity": "LOC", "position": 102, "word": "Le_Monde.fr", "title": false, "lemma": "Le_Monde.fr", "pos_tag": "PROPN"}, {"type_entity": "", "position": 104, "word": "site", "title": false, "lemma": "site", "pos_tag": "NOUN"}, {"type_entity": "", "position": 106, "word": "news", "title": false, "lemma": "new", "pos_tag": "NOUN"}, {"type_entity": "", "position": 107, "word": "leader", "title": false, "lemma": "leader", "pos_tag": "ADJ"}, {"type_entity": "", "position": 110, "word": "presse", "title": false, "lemma": "presser", "pos_tag": "NOUN"}, {"type_entity": "", "position": 111, "word": "francaise", "title": false, "lemma": "francaise", "pos_tag": "ADJ"}, {"type_entity": "", "position": 113, "word": "ligne", "title": false, "lemma": "ligne", "pos_tag": "NOUN"}, {"type_entity": "PER", "position": 115, "word": "Citations", "title": false, "lemma": "Citations", "pos_tag": "NOUN"}, {"type_entity": "PER", "position": 116, "word": "Citations", "title": false, "lemma": "Citations", "pos_tag": "NOUN"}, {"type_entity": "PER", "position": 117, "word": "Citations", "title": false, "lemma": "Citations", "pos_tag": "NOUN"}, {"type_entity": "", "position": 118, "word": "Chaque", "title": false, "lemma": "Chaque", "pos_tag": "DET"}, {"type_entity": "", "position": 119, "word": "mercredi", "title": false, "lemma": "mercredi", "pos_tag": "NOUN"}, {"type_entity": "ORG", "position": 120, "word": "La_Matinale_du_Monde", "title": false, "lemma": "La_Matinale_du_Monde", "pos_tag": "AUX"}, {"type_entity": "", "position": 121, "word": "publie", "title": false, "lemma": "publier", "pos_tag": "VERB"}, {"type_entity": "", "position": 123, "word": "exclusivite", "title": false, "lemma": "exclusivite", "pos_tag": "NOUN"}, {"type_entity": "", "position": 125, "word": "strip", "title": false, "lemma": "strip", "pos_tag": "NOUN"}, {"type_entity": "", "position": 128, "word": "dessinatrice", "title": false, "lemma": "dessinateur", "pos_tag": "NOUN"}, {"type_entity": "PER", "position": 129, "word": "Aude_Picault", "title": true, "lemma": "Aude_Picault", "pos_tag": "ADJ"}, {"type_entity": "ORG", "position": 131, "word": "Le_Monde", "title": false, "lemma": "Le_Monde", "pos_tag": "NOUN"}, {"type_entity": "", "position": 132, "word": "17_01_2018", "title": false, "lemma": "17_01_2018", "pos_tag": "NOUN"}, {"type_entity": "", "position": 134, "word": "06h42", "title": false, "lemma": "06h42", "pos_tag": "NUM"}, {"type_entity": "LOC", "position": 135, "word": "Mis", "title": false, "lemma": "Mis", "pos_tag": "VERB"}, {"type_entity": "", "position": 137, "word": "jour", "title": false, "lemma": "jour", "pos_tag": "VERB"}, {"type_entity": "MISC", "position": 139, "word": "\n", "title": true, "lemma": "\n", "pos_tag": "SPACE"}, {"type_entity": "", "position": 140, "word": "17_01_2018", "title": false, "lemma": "17_01_2018", "pos_tag": "NOUN"}, {"type_entity": "", "position": 142, "word": "07h08", "title": false, "lemma": "07h08", "pos_tag": "NUM"}, {"type_entity": "LOC", "position": 143, "word": "Abonnezvous", "title": false, "lemma": "Abonnezvous", "pos_tag": "PROPN"}, {"type_entity": "", "position": 145, "word": "partir", "title": false, "lemma": "partir", "pos_tag": "VERB"}, {"type_entity": "", "position": 147, "word": "1", "title": false, "lemma": "1", "pos_tag": "NUM"}, {"type_entity": "LOC", "position": 148, "word": "EUR_Chaque", "title": false, "lemma": "EUR_Chaque", "pos_tag": "PROPN"}, {"type_entity": "", "position": 149, "word": "mercredi", "title": false, "lemma": "mercredi", "pos_tag": "NOUN"}, {"type_entity": "ORG", "position": 150, "word": "La_Matinale_du_Monde", "title": false, "lemma": "La_Matinale_du_Monde", "pos_tag": "AUX"}, {"type_entity": "", "position": 151, "word": "publie", "title": false, "lemma": "publier", "pos_tag": "VERB"}, {"type_entity": "", "position": 153, "word": "exclusivite", "title": false, "lemma": "exclusivite", "pos_tag": "NOUN"}, {"type_entity": "", "position": 155, "word": "strip", "title": false, "lemma": "strip", "pos_tag": "NOUN"}, {"type_entity": "", "position": 158, "word": "dessinatrice", "title": false, "lemma": "dessinateur", "pos_tag": "NOUN"}, {"type_entity": "PER", "position": 159, "word": "Aude_Picault", "title": true, "lemma": "Aude_Picault", "pos_tag": "ADJ"}, {"type_entity": "ORG", "position": 161, "word": "Le_Monde", "title": false, "lemma": "Le_Monde", "pos_tag": "NOUN"}, {"type_entity": "", "position": 162, "word": "17_01_2018", "title": false, "lemma": "17_01_2018", "pos_tag": "NOUN"}, {"type_entity": "", "position": 164, "word": "06h42", "title": false, "lemma": "06h42", "pos_tag": "NUM"}, {"type_entity": "LOC", "position": 165, "word": "Mis", "title": false, "lemma": "Mis", "pos_tag": "VERB"}, {"type_entity": "", "position": 167, "word": "jour", "title": false, "lemma": "jour", "pos_tag": "VERB"}, {"type_entity": "MISC", "position": 169, "word": "\n", "title": true, "lemma": "\n", "pos_tag": "SPACE"}, {"type_entity": "", "position": 170, "word": "17_01_2018", "title": false, "lemma": "17_01_2018", "pos_tag": "NOUN"}, {"type_entity": "", "position": 172, "word": "07h08", "title": false, "lemma": "07h08", "pos_tag": "NUM"}, {"type_entity": "LOC", "position": 173, "word": "Abonnezvous", "title": false, "lemma": "Abonnezvous", "pos_tag": "PROPN"}, {"type_entity": "", "position": 175, "word": "partir", "title": false, "lemma": "partir", "pos_tag": "VERB"}, {"type_entity": "", "position": 177, "word": "1", "title": false, "lemma": "1", "pos_tag": "NUM"}, {"type_entity": "LOC", "position": 178, "word": "EUR_Chaque", "title": false, "lemma": "EUR_Chaque", "pos_tag": "PROPN"}, {"type_entity": "", "position": 179, "word": "mercredi", "title": false, "lemma": "mercredi", "pos_tag": "NOUN"}, {"type_entity": "", "position": 180, "word": "<", "title": false, "lemma": "<", "pos_tag": "VERB"}, {"type_entity": "ORG", "position": 181, "word": "La_Matinale_du_Monde", "title": false, "lemma": "La_Matinale_du_Monde", "pos_tag": "PROPN"}, {"type_entity": "", "position": 182, "word": ">", "title": false, "lemma": ">", "pos_tag": "PRON"}, {"type_entity": "", "position": 183, "word": ">", "title": false, "lemma": ">", "pos_tag": "PRON"}, {"type_entity": "", "position": 184, "word": "publie", "title": false, "lemma": "publier", "pos_tag": "VERB"}, {"type_entity": "", "position": 186, "word": "exclusivite", "title": false, "lemma": "exclusivite", "pos_tag": "NOUN"}, {"type_entity": "", "position": 188, "word": "strip", "title": false, "lemma": "strip", "pos_tag": "NOUN"}, {"type_entity": "", "position": 191, "word": "dessinatrice", "title": false, "lemma": "dessinateur", "pos_tag": "NOUN"}, {"type_entity": "PER", "position": 192, "word": "Aude_Picault", "title": true, "lemma": "Aude_Picault", "pos_tag": "ADJ"}, {"type_entity": "", "position": 194, "word": "Le_Monde_|", "title": false, "lemma": "Le_Monde_|", "pos_tag": "NOUN"}, {"type_entity": "", "position": 195, "word": "17_01_2018", "title": false, "lemma": "17_01_2018", "pos_tag": "NOUN"}, {"type_entity": "", "position": 197, "word": "06h42", "title": false, "lemma": "06h42", "pos_tag": "NUM"}, {"type_entity": "", "position": 198, "word": "*", "title": false, "lemma": "*", "pos_tag": "NOUN"}, {"type_entity": "LOC", "position": 199, "word": "Mis", "title": false, "lemma": "Mis", "pos_tag": "VERB"}, {"type_entity": "", "position": 201, "word": "jour", "title": false, "lemma": "jour", "pos_tag": "VERB"}, {"type_entity": "MISC", "position": 203, "word": "\n", "title": true, "lemma": "\n", "pos_tag": "SPACE"}, {"type_entity": "", "position": 204, "word": "17_01_2018", "title": false, "lemma": "17_01_2018", "pos_tag": "NOUN"}, {"type_entity": "", "position": 206, "word": "07h08", "title": false, "lemma": "07h08", "pos_tag": "NUM"}, {"type_entity": "LOC", "position": 207, "word": "Abonnez", "title": false, "lemma": "Abonnez", "pos_tag": "PROPN"}, {"type_entity": "", "position": 208, "word": "-", "title": false, "lemma": "-", "pos_tag": "PUNCT"}, {"type_entity": "", "position": 211, "word": "partir", "title": false, "lemma": "partir", "pos_tag": "VERB"}, {"type_entity": "", "position": 213, "word": "1", "title": false, "lemma": "1", "pos_tag": "NUM"}, {"type_entity": "LOC", "position": 214, "word": "EUR_Chaque", "title": false, "lemma": "EUR_Chaque", "pos_tag": "PROPN"}, {"type_entity": "", "position": 215, "word": "mercredi", "title": false, "lemma": "mercredi", "pos_tag": "NOUN"}, {"type_entity": "", "position": 216, "word": ",", "title": false, "lemma": ",", "pos_tag": "PUNCT"}, {"type_entity": "", "position": 217, "word": "<", "title": false, "lemma": "<", "pos_tag": "PROPN"}, {"type_entity": "", "position": 218, "word": "<", "title": false, "lemma": "<", "pos_tag": "VERB"}, {"type_entity": "ORG", "position": 219, "word": "La_Matinale_du_Monde", "title": false, "lemma": "La_Matinale_du_Monde", "pos_tag": "VERB"}, {"type_entity": "", "position": 220, "word": ">", "title": false, "lemma": ">", "pos_tag": "PRON"}, {"type_entity": "", "position": 221, "word": ">", "title": false, "lemma": ">", "pos_tag": "PRON"}, {"type_entity": "", "position": 222, "word": "publie", "title": false, "lemma": "publier", "pos_tag": "VERB"}, {"type_entity": "", "position": 224, "word": "exclusivite", "title": false, "lemma": "exclusivite", "pos_tag": "NOUN"}, {"type_entity": "", "position": 226, "word": "strip", "title": false, "lemma": "strip", "pos_tag": "NOUN"}, {"type_entity": "", "position": 229, "word": "dessinatrice", "title": false, "lemma": "dessinateur", "pos_tag": "NOUN"}, {"type_entity": "PER", "position": 230, "word": "Aude_Picault", "title": true, "lemma": "Aude_Picault", "pos_tag": "ADJ"}, {"type_entity": "", "position": 232, "word": "Le_Monde_|", "title": false, "lemma": "Le_Monde_|", "pos_tag": "NOUN"}, {"type_entity": "", "position": 233, "word": "17_01_2018", "title": false, "lemma": "17_01_2018", "pos_tag": "NOUN"}, {"type_entity": "", "position": 235, "word": "06h42", "title": false, "lemma": "06h42", "pos_tag": "NUM"}, {"type_entity": "", "position": 236, "word": "*", "title": false, "lemma": "*", "pos_tag": "NOUN"}, {"type_entity": "LOC", "position": 237, "word": "Mis", "title": false, "lemma": "Mis", "pos_tag": "VERB"}, {"type_entity": "", "position": 239, "word": "jour", "title": false, "lemma": "jour", "pos_tag": "VERB"}, {"type_entity": "MISC", "position": 241, "word": "\n", "title": true, "lemma": "\n", "pos_tag": "SPACE"}, {"type_entity": "", "position": 242, "word": "17_01_2018", "title": false, "lemma": "17_01_2018", "pos_tag": "NOUN"}, {"type_entity": "", "position": 244, "word": "07h08", "title": false, "lemma": "07h08", "pos_tag": "NUM"}, {"type_entity": "", "position": 245, "word": "Chaque", "title": false, "lemma": "Chaque", "pos_tag": "DET"}, {"type_entity": "", "position": 246, "word": "mercredi", "title": false, "lemma": "mercredi", "pos_tag": "NOUN"}, {"type_entity": "", "position": 247, "word": ",", "title": false, "lemma": ",", "pos_tag": "PUNCT"}, {"type_entity": "", "position": 248, "word": "<", "title": false, "lemma": "<", "pos_tag": "PROPN"}, {"type_entity": "", "position": 249, "word": "<", "title": false, "lemma": "<", "pos_tag": "VERB"}, {"type_entity": "ORG", "position": 250, "word": "La_Matinale_du_Monde", "title": false, "lemma": "La_Matinale_du_Monde", "pos_tag": "VERB"}, {"type_entity": "", "position": 251, "word": ">", "title": false, "lemma": ">", "pos_tag": "PRON"}, {"type_entity": "", "position": 252, "word": ">", "title": false, "lemma": ">", "pos_tag": "PRON"}, {"type_entity": "", "position": 253, "word": "publie", "title": false, "lemma": "publier", "pos_tag": "VERB"}, {"type_entity": "", "position": 255, "word": "exclusivite", "title": false, "lemma": "exclusivite", "pos_tag": "NOUN"}, {"type_entity": "", "position": 257, "word": "strip", "title": false, "lemma": "strip", "pos_tag": "NOUN"}, {"type_entity": "", "position": 260, "word": "dessinatrice", "title": false, "lemma": "dessinateur", "pos_tag": "NOUN"}, {"type_entity": "PER", "position": 261, "word": "Aude_Picault", "title": true, "lemma": "Aude_Picault", "pos_tag": "ADJ"}, {"type_entity": "", "position": 263, "word": "Le_Monde_|", "title": false, "lemma": "Le_Monde_|", "pos_tag": "NOUN"}, {"type_entity": "", "position": 264, "word": "17_01_2018", "title": false, "lemma": "17_01_2018", "pos_tag": "NOUN"}, {"type_entity": "", "position": 266, "word": "06h42", "title": false, "lemma": "06h42", "pos_tag": "NUM"}, {"type_entity": "", "position": 267, "word": "*", "title": false, "lemma": "*", "pos_tag": "NOUN"}, {"type_entity": "LOC", "position": 268, "word": "Mis", "title": false, "lemma": "Mis", "pos_tag": "VERB"}, {"type_entity": "", "position": 270, "word": "jour", "title": false, "lemma": "jour", "pos_tag": "VERB"}, {"type_entity": "MISC", "position": 272, "word": "\n", "title": true, "lemma": "\n", "pos_tag": "SPACE"}, {"type_entity": "", "position": 273, "word": "17_01_2018", "title": false, "lemma": "17_01_2018", "pos_tag": "NOUN"}, {"type_entity": "", "position": 275, "word": "07h08", "title": false, "lemma": "07h08", "pos_tag": "NUM"}, {"type_entity": "LOC", "position": 276, "word": "Abonnez", "title": false, "lemma": "Abonnez", "pos_tag": "PROPN"}, {"type_entity": "", "position": 277, "word": "-", "title": false, "lemma": "-", "pos_tag": "PUNCT"}, {"type_entity": "", "position": 280, "word": "partir", "title": false, "lemma": "partir", "pos_tag": "VERB"}, {"type_entity": "", "position": 282, "word": "1", "title": false, "lemma": "1", "pos_tag": "NUM"}, {"type_entity": "LOC", "position": 283, "word": "EUR_Abonnez", "title": false, "lemma": "EUR_Abonnez", "pos_tag": "PROPN"}, {"type_entity": "", "position": 284, "word": "-", "title": false, "lemma": "-", "pos_tag": "PUNCT"}, {"type_entity": "", "position": 287, "word": "partir", "title": false, "lemma": "partir", "pos_tag": "VERB"}, {"type_entity": "", "position": 289, "word": "1", "title": false, "lemma": "1", "pos_tag": "NUM"}, {"type_entity": "ORG", "position": 290, "word": "EUR", "title": false, "lemma": "EUR", "pos_tag": "NOUN"}, {"type_entity": "", "position": 292, "word": "monde", "title": false, "lemma": "monder", "pos_tag": "NOUN"}, {"type_entity": "", "position": 293, "word": "abonnements", "title": false, "lemma": "abonnement", "pos_tag": "NOUN"}, {"type_entity": "ORG", "position": 294, "word": "Profitez", "title": false, "lemma": "Profitez", "pos_tag": "VERB"}, {"type_entity": "", "position": 296, "word": "journal", "title": false, "lemma": "journal", "pos_tag": "NOUN"}, {"type_entity": "", "position": 301, "word": "voulez", "title": false, "lemma": "vouloir", "pos_tag": "VERB"}, {"type_entity": "", "position": 303, "word": "Abonnements", "title": false, "lemma": "Abonnements", "pos_tag": "NOUN"}, {"type_entity": "", "position": 304, "word": "papier", "title": false, "lemma": "papier", "pos_tag": "NOUN"}, {"type_entity": "", "position": 305, "word": ",", "title": false, "lemma": ",", "pos_tag": "PUNCT"}, {"type_entity": "", "position": 306, "word": "offres", "title": false, "lemma": "offrir", "pos_tag": "NOUN"}, {"type_entity": "", "position": 307, "word": "100", "title": false, "lemma": "100", "pos_tag": "NUM"}, {"type_entity": "", "position": 308, "word": "%", "title": false, "lemma": "%", "pos_tag": "NOUN"}, {"type_entity": "", "position": 309, "word": "numeriques", "title": false, "lemma": "numeriques", "pos_tag": "NOUN"}, {"type_entity": "MISC", "position": 311, "word": "Web", "title": false, "lemma": "Web", "pos_tag": "PROPN"}, {"type_entity": "", "position": 313, "word": "tablette", "title": false, "lemma": "tablette", "pos_tag": "NOUN"}, {"type_entity": "", "position": 316, "word": "abonner", "title": false, "lemma": "abonner", "pos_tag": "VERB"}, {"type_entity": "ORG", "position": 318, "word": "Monde", "title": false, "lemma": "Monde", "pos_tag": "PROPN"}, {"type_entity": "", "position": 320, "word": "partir", "title": false, "lemma": "partir", "pos_tag": "VERB"}, {"type_entity": "", "position": 322, "word": "1", "title": false, "lemma": "1", "pos_tag": "NUM"}, {"type_entity": "ORG", "position": 323, "word": "EUR", "title": false, "lemma": "EUR", "pos_tag": "NOUN"}, {"type_entity": "", "position": 325, "word": "monde", "title": false, "lemma": "monder", "pos_tag": "NOUN"}, {"type_entity": "", "position": 326, "word": "abonnements", "title": false, "lemma": "abonnement", "pos_tag": "NOUN"}, {"type_entity": "ORG", "position": 327, "word": "Profitez", "title": false, "lemma": "Profitez", "pos_tag": "VERB"}, {"type_entity": "", "position": 329, "word": "journal", "title": false, "lemma": "journal", "pos_tag": "NOUN"}, {"type_entity": "", "position": 334, "word": "voulez", "title": false, "lemma": "vouloir", "pos_tag": "VERB"}, {"type_entity": "", "position": 336, "word": "Abonnements", "title": false, "lemma": "Abonnements", "pos_tag": "NOUN"}, {"type_entity": "", "position": 337, "word": "papier", "title": false, "lemma": "papier", "pos_tag": "NOUN"}, {"type_entity": "", "position": 338, "word": ",", "title": false, "lemma": ",", "pos_tag": "PUNCT"}, {"type_entity": "", "position": 339, "word": "offres", "title": false, "lemma": "offrir", "pos_tag": "NOUN"}, {"type_entity": "", "position": 340, "word": "100", "title": false, "lemma": "100", "pos_tag": "NUM"}, {"type_entity": "", "position": 341, "word": "%", "title": false, "lemma": "%", "pos_tag": "NOUN"}, {"type_entity": "", "position": 342, "word": "numeriques", "title": false, "lemma": "numeriques", "pos_tag": "NOUN"}, {"type_entity": "MISC", "position": 344, "word": "Web", "title": false, "lemma": "Web", "pos_tag": "PROPN"}, {"type_entity": "", "position": 346, "word": "tablette", "title": false, "lemma": "tablette", "pos_tag": "NOUN"}, {"type_entity": "", "position": 349, "word": "abonner", "title": false, "lemma": "abonner", "pos_tag": "VERB"}, {"type_entity": "ORG", "position": 351, "word": "Monde", "title": false, "lemma": "Monde", "pos_tag": "PROPN"}, {"type_entity": "", "position": 353, "word": "partir", "title": false, "lemma": "partir", "pos_tag": "VERB"}, {"type_entity": "", "position": 355, "word": "1", "title": false, "lemma": "1", "pos_tag": "NUM"}, {"type_entity": "ORG", "position": 356, "word": "EUR", "title": false, "lemma": "EUR", "pos_tag": "NOUN"}, {"type_entity": "", "position": 358, "word": "monde", "title": false, "lemma": "monder", "pos_tag": "NOUN"}, {"type_entity": "", "position": 359, "word": "abonnements", "title": false, "lemma": "abonnement", "pos_tag": "NOUN"}, {"type_entity": "ORG", "position": 360, "word": "Profitez", "title": false, "lemma": "Profitez", "pos_tag": "VERB"}, {"type_entity": "", "position": 362, "word": "journal", "title": false, "lemma": "journal", "pos_tag": "NOUN"}, {"type_entity": "", "position": 367, "word": "voulez", "title": false, "lemma": "vouloir", "pos_tag": "VERB"}, {"type_entity": "", "position": 369, "word": "Abonnements", "title": false, "lemma": "Abonnements", "pos_tag": "NOUN"}, {"type_entity": "", "position": 370, "word": "papier", "title": false, "lemma": "papier", "pos_tag": "NOUN"}, {"type_entity": "", "position": 371, "word": ",", "title": false, "lemma": ",", "pos_tag": "PUNCT"}, {"type_entity": "", "position": 372, "word": "offres", "title": false, "lemma": "offrir", "pos_tag": "NOUN"}, {"type_entity": "", "position": 373, "word": "100", "title": false, "lemma": "100", "pos_tag": "NUM"}, {"type_entity": "", "position": 374, "word": "%", "title": false, "lemma": "%", "pos_tag": "NOUN"}, {"type_entity": "", "position": 375, "word": "numeriques", "title": false, "lemma": "numeriques", "pos_tag": "NOUN"}, {"type_entity": "MISC", "position": 377, "word": "Web", "title": false, "lemma": "Web", "pos_tag": "PROPN"}, {"type_entity": "", "position": 379, "word": "tablette", "title": false, "lemma": "tablette", "pos_tag": "NOUN"}, {"type_entity": "", "position": 382, "word": "abonner", "title": false, "lemma": "abonner", "pos_tag": "VERB"}, {"type_entity": "ORG", "position": 384, "word": "Monde", "title": false, "lemma": "Monde", "pos_tag": "PROPN"}, {"type_entity": "", "position": 386, "word": "partir", "title": false, "lemma": "partir", "pos_tag": "VERB"}, {"type_entity": "", "position": 388, "word": "1", "title": false, "lemma": "1", "pos_tag": "NUM"}, {"type_entity": "ORG", "position": 389, "word": "EUR", "title": false, "lemma": "EUR", "pos_tag": "NOUN"}, {"type_entity": "LOC", "position": 1, "word": "Coworkingdom", "title": true, "lemma": "Coworkingdom", "pos_tag": "VERB"}, {"type_entity": "PER", "position": 3, "word": "Aude_Picault", "title": true, "lemma": "Aude_Picault", "pos_tag": "NOUN"}, {"type_entity": "", "position": 4, "word": "episode", "title": false, "lemma": "episode", "pos_tag": "NOUN"}, {"type_entity": "", "position": 5, "word": "17", "title": false, "lemma": "17", "pos_tag": "NUM"}]}